case_id,n_tumor_components,laterality,left_frac,bbox_extent_x,bbox_extent_y,bbox_extent_z,bbox_voxels,t1ce_brain_mean,t1ce_brain_std,t1ce_brain_p1,t1ce_brain_p99
BraTS2021_00000,2,left,0.0016577960038391066,136,171,146,3395376,2084.0016383253273,837.8845151560639,673.0,5574.0
BraTS2021_00002,1,left,0.09343421094053328,133,174,135,3124170,1903.1364942817663,758.5186911709718,525.0,4863.0
BraTS2021_00003,1,left,0.1350275597295418,141,178,140,3513720,2037.6494800803082,731.9965255360949,672.0,5004.0
BraTS2021_00005,1,left,0.003293717894264443,134,161,136,2934064,1991.9479986643335,886.6847284824265,651.0,6072.0
BraTS2021_00006,1,bilateral/midline,0.30500830245593175,134,177,136,3225648,2148.6215550144775,954.104240774764,622.9899999999998,6483.0
BraTS2021_00008,2,right,1.0,142,168,133,3172848,2926.5843156313695,1150.33861476482,527.0,6666.0
BraTS2021_00009,2,left,0.06727862164426475,135,167,132,2975940,1360.606335233941,404.8560106081654,419.0,2739.0
BraTS2021_00011,3,right,1.0,141,166,142,3323652,1900.4885197631845,568.4722203769013,722.0,3431.0
BraTS2021_00012,1,bilateral/midline,0.18616878120155111,143,178,141,3589014,1650.9560032022637,677.660935840281,305.0,4111.550000000047
BraTS2021_00014,1,left,0.0,136,178,126,3050208,2485.062443089963,803.6085255994568,659.0,4602.0
BraTS2021_00016,1,left,0.0,135,172,138,3204360,2209.327819297715,734.1875199993142,511.0,4665.0
BraTS2021_00017,1,left,0.0,147,174,138,3529764,2102.7901802271876,798.2422206962068,545.0,5264.0
BraTS2021_00018,2,left,0.0012609002328295975,136,177,138,3321936,2095.441534607101,733.2255410007389,668.0,4844.0
BraTS2021_00019,1,left,0.011161073309230263,142,177,143,3594162,2257.3862247603583,836.2113314903238,849.0,5922.0
BraTS2021_00020,3,right,0.9981141836751724,137,182,137,3415958,2612.5942243313975,906.862434740917,917.0,6113.0
BraTS2021_00021,2,bilateral/midline,0.8138583912166704,128,177,134,3035904,2287.783994166703,771.6987630384741,838.0,5523.9199999999255
BraTS2021_00022,1,right,0.9994422261374603,136,166,132,2980032,2397.8755015066954,710.6540837832048,969.0,4855.0
BraTS2021_00024,4,left,0.0,141,181,140,3572940,2729.2304674889783,878.5860800263033,1049.0,6163.0
BraTS2021_00025,3,left,0.0,143,175,138,3453450,2821.0942168544143,827.8682166175295,1097.0,5699.0
BraTS2021_00026,2,left,0.0,149,177,142,3744966,2655.7596821784064,954.120130653724,814.0,5926.0
BraTS2021_00028,2,left,0.0,136,173,135,3176280,2117.3157061616507,890.3139742833474,600.0,5932.0
BraTS2021_00030,11,right,0.9674565239499644,152,168,140,3575040,2389.9858009254226,880.4335732499387,696.0,5759.409999999916
BraTS2021_00031,2,right,0.996610264981502,134,179,146,3501956,2658.5115419438157,1020.6725664766292,724.0,6844.040000000037
BraTS2021_00032,2,left,0.0,137,183,140,3509940,2155.9972963179243,632.1987528939524,791.0,4072.0
BraTS2021_00033,1,left,0.0,135,182,135,3316950,2668.414014715744,802.203678815506,946.0,5395.0
BraTS2021_00035,3,left,0.0,135,170,129,2960550,1838.8392727490877,568.149167969146,604.0,3742.0
BraTS2021_00036,1,left,0.0043756568262157255,142,201,134,3824628,2744.3833361921575,1053.4095897967534,799.0,7010.0
BraTS2021_00043,1,left,0.0,135,180,132,3207600,1299.1988289461501,475.1572815127508,183.0,2945.0
BraTS2021_00044,1,left,0.0,131,171,141,3158541,2759.0037283910174,957.3059401531679,914.0,6052.0
BraTS2021_00045,1,left,0.0,143,185,145,3835975,2771.890241234612,878.4958862566937,955.0,5942.0
BraTS2021_00046,1,right,1.0,135,168,127,2880360,3407.4571844797915,1209.0543159928175,1172.0,8964.0
BraTS2021_00048,4,left,0.0,142,192,143,3898752,2954.462429482374,959.6809281471841,692.0,6436.0
BraTS2021_00049,1,left,0.0015742229367631296,147,166,124,3025848,1129.3417157703598,307.6253401583254,354.0,1889.0
BraTS2021_00051,9,left,0.00014715891323142577,146,175,144,3679200,2087.1597209699153,740.2056003569024,94.31457717895509,4775.877216796873
BraTS2021_00052,8,right,0.9999878209187899,141,181,144,3675024,1632.3323621518714,619.7392798841242,469.0,4133.0
BraTS2021_00053,6,left,0.08095708317508546,141,208,145,4252560,2533.9634571877755,1210.9706754617862,584.0,7381.0
BraTS2021_00054,3,left,0.0011245347610612424,143,162,139,3220074,3046.268711638618,1230.9519281689386,918.0,8643.0
BraTS2021_00056,1,left,0.0,134,170,139,3166420,2198.2798762771304,733.3519526830696,773.0300000000007,5041.0
BraTS2021_00058,3,left,0.0,139,159,137,3027837,2237.0923466013287,713.6572211388587,829.0,4950.0
BraTS2021_00059,1,left,0.0010339019794220155,138,161,142,3154956,2255.688757207232,623.1915916933465,867.0,4505.0
BraTS2021_00060,1,right,0.9966635187812275,136,192,149,3890688,2704.929591353501,1023.0471854769833,818.0,6634.0
BraTS2021_00061,1,left,0.0,136,188,141,3605088,2513.6046848997375,873.5809445710739,637.0,5450.0
BraTS2021_00062,1,right,0.9753756797631689,131,174,146,3327924,2459.877016943946,1160.2365340901715,780.0,8203.0
BraTS2021_00063,1,right,1.0,145,184,145,3868600,1953.6735925644323,692.0849915401874,588.0,4670.0
BraTS2021_00064,1,left,0.009050933685642734,141,179,146,3684894,2239.402790386164,976.8042982393902,574.0,6336.0
BraTS2021_00066,1,right,1.0,137,173,125,2962625,1789.1502037595492,693.5583227672084,434.0,4203.0
BraTS2021_00068,4,right,0.9885810319767442,130,166,126,2719080,2077.820519467267,578.5726229288998,908.0,4332.3300000000745
BraTS2021_00070,2,left,0.01565839932108652,147,182,141,3772314,1706.3776105452944,599.2120266789603,567.0,4245.0
BraTS2021_00071,1,right,1.0,139,185,143,3677245,2154.5011670315384,795.8917787695806,619.0,5310.0
BraTS2021_00072,2,left,0.0,140,187,141,3691380,2479.721515958331,681.0986996949873,976.0,5036.649999999907
BraTS2021_00074,2,right,0.86669162665727,143,181,144,3727152,2178.235063852964,828.7287635170234,703.0,5574.0
BraTS2021_00077,1,right,0.8955217069435852,146,172,148,3716576,2055.345666485323,863.1931470215449,680.0,5515.0
BraTS2021_00078,2,right,0.9991923404505272,141,177,137,3419109,2260.7972629171272,823.2746685613226,797.0,5603.0
BraTS2021_00081,1,left,0.006164950003759116,139,150,145,3023250,2663.860209130517,1062.333277232708,835.0,7327.0
BraTS2021_00084,3,right,1.0,128,171,128,2801664,2308.91192494089,762.6117918034867,866.0,5257.0
BraTS2021_00085,5,left,0.0,137,184,144,3629952,2424.573767521172,691.2148201674838,867.0,4803.0
BraTS2021_00087,1,left,0.01906266724432325,132,171,141,3182652,2631.2379558041725,922.601506791374,1100.0,6790.0
BraTS2021_00088,1,right,0.9772605692842029,136,176,125,2992000,1963.9486785090705,685.2433704879032,718.0,4630.0
BraTS2021_00089,1,left,0.013281650800889243,139,173,124,2981828,1918.526613282043,773.6612191357764,616.0,5120.0
BraTS2021_00090,1,left,0.000727198238336662,135,177,140,3345300,2709.932612128922,891.777277616796,614.0,6182.0
BraTS2021_00094,2,right,1.0,139,181,142,3572578,1763.8139401327019,546.9348802536308,701.0,3733.0
BraTS2021_00095,1,bilateral/midline,0.8236503290642394,149,193,136,3910952,2254.6880360809255,975.5257923950273,647.0,6227.0
BraTS2021_00096,2,right,1.0,145,178,148,3819880,2134.642618515969,868.0847744108719,612.0,5936.0
BraTS2021_00097,1,left,0.0,133,175,133,3095575,2131.6352924909934,796.65842704086,590.0,5260.0
BraTS2021_00098,1,right,1.0,132,167,143,3152292,2398.400480142603,1100.5010671814953,524.0,7083.0
BraTS2021_00099,1,right,0.966620604212332,133,166,133,2936374,2869.3264466532537,1011.2462693009618,1043.0,7172.0
BraTS2021_00100,1,left,0.0,134,161,135,2912490,309.73242183010643,57.86265850641026,144.0,505.0
BraTS2021_00101,1,left,0.0,137,178,137,3340882,3217.9984659726697,789.0083735237395,1292.0,5595.0
BraTS2021_00102,4,right,1.0,138,172,140,3323040,254.54512337958826,42.496982816267355,121.0,386.0
BraTS2021_00103,2,right,0.9832132484980158,150,173,141,3658950,1967.0550143293192,690.6289197107651,725.0,4813.389999999898
BraTS2021_00104,5,left,0.1329448163657216,137,167,136,3111544,323.66736394710773,53.349084726878445,178.0,504.0
BraTS2021_00105,2,left,0.0025099313831708197,142,164,138,3213744,487.0182862050721,94.72908174511274,216.0,799.0
BraTS2021_00106,1,right,0.9817722321530781,150,160,140,3360000,465.9816619055037,78.85894946268567,243.0,664.0
BraTS2021_00107,3,left,0.0,136,164,139,3100256,211.2865635411743,32.76416688135285,114.0,295.0
BraTS2021_00108,2,left,0.0,140,169,141,3336060,118.75311365687521,34.6470707006802,23.0,175.0
BraTS2021_00109,5,left,0.0,135,157,144,3052080,1589.8028383641147,236.48327040087736,945.0,2155.0
BraTS2021_00110,3,left,0.0,133,169,127,2854579,283.4996287579444,75.58962279966585,81.0,546.0
BraTS2021_00111,1,left,0.0013748474037903122,134,175,143,3353350,333.3155307685673,81.62672702415006,65.0,509.0
BraTS2021_00112,4,left,0.0,139,171,137,3256353,374.39292097896964,73.80675059121391,182.0,557.0
BraTS2021_00113,12,left,0.0,145,161,136,3174920,344.9907995225907,45.64175796758114,195.0,438.0
BraTS2021_00115,2,right,0.9999882138016383,131,174,136,3099984,2899.5796304869623,729.3053653212702,1338.0,5492.0
BraTS2021_00116,6,right,0.9999411480831931,137,174,137,3265806,290.0880547060445,56.127226062910054,125.0,479.0
BraTS2021_00117,10,right,0.9293201038822667,142,159,138,3115764,316.4364088191221,97.38818111119888,71.0,519.0
BraTS2021_00118,6,right,0.9917737439662792,137,169,141,3264573,261.41762315811707,73.77836925871621,110.0,537.0
BraTS2021_00120,8,right,0.9950087374399301,128,163,139,2900096,265.4814303908252,63.03910290911961,65.0,452.0
BraTS2021_00121,1,left,0.001257183908045977,137,162,130,2885220,1004.807117139043,372.29248110744123,103.0,1930.0
BraTS2021_00122,2,left,0.0,136,161,139,3043544,369.77025487657966,76.8904904306599,146.0,537.0
BraTS2021_00123,4,right,0.9970493141224849,139,167,140,3249820,354.16267711680285,61.046456729659376,174.0,580.0
BraTS2021_00124,11,left,0.0061798518653155814,136,168,142,3244416,379.29886200376336,79.27576552965161,200.0,619.0
BraTS2021_00126,2,right,0.9994371008754052,140,164,141,3237360,378.808363942978,101.5685690288729,161.0,744.0
BraTS2021_00127,1,left,0.0,151,163,138,3396594,682.678528753019,217.56771441998177,190.0,1196.0
BraTS2021_00128,1,right,1.0,137,158,141,3052086,310.651299992386,56.09944271502669,154.0,493.0
BraTS2021_00130,2,right,1.0,131,172,146,3289672,305.3987891633626,82.14054969706265,108.0,572.0
BraTS2021_00131,1,left,0.0,135,182,140,3439800,365.3530712883989,88.15392205711615,156.0,658.0
BraTS2021_00132,11,left,0.0,139,169,131,3077321,293.55014810237486,65.46137339258114,134.0,529.0
BraTS2021_00133,11,right,0.9996509511580942,147,160,139,3269280,657.8478943643885,207.8105009640039,92.0,1122.0
BraTS2021_00134,4,bilateral/midline,0.1577062295165104,139,177,134,3296802,255.36133221434787,52.235580856236794,108.0,327.0
BraTS2021_00136,13,left,0.0,135,173,139,3246345,550.9976055447936,184.060540020995,78.0,1080.0800000000745
BraTS2021_00137,2,right,0.9930742345418525,142,157,130,2898220,238.36854883236876,50.21917326896674,101.0,415.0
BraTS2021_00138,7,right,0.9960030625884063,140,172,138,3323040,273.5908146958377,75.66789684659962,91.0,488.0
BraTS2021_00139,16,left,0.015835283338904778,132,152,138,2768832,319.8419210762713,40.8774613828856,186.0,438.0
BraTS2021_00140,1,left,0.0,134,171,139,3185046,576.3921751649956,81.4524081637712,298.0,723.0
BraTS2021_00142,4,left,0.0023124908346399847,141,173,139,3390627,1130.3060294039697,393.5510562334852,166.0,2326.0
BraTS2021_00143,3,right,0.9986225810617194,141,169,142,3383718,300.5950991347548,91.25219758221559,136.0,712.0
BraTS2021_00144,1,right,1.0,133,177,136,3201576,465.05452041205217,125.91490783075977,102.90999999999985,792.0
BraTS2021_00146,5,bilateral/midline,0.20008120398440885,134,169,143,3238378,763.8595741008203,198.25672746270908,153.0,1293.0
BraTS2021_00147,1,left,0.006531585492464432,145,168,137,3337320,288.9628737105145,64.47856580836307,122.0,549.0
BraTS2021_00148,11,left,0.0,141,173,136,3317448,370.5745847525166,74.1405910860166,156.0,599.0
BraTS2021_00149,1,right,1.0,134,167,141,3155298,341.2773625912074,61.53980315797696,157.0,469.0
BraTS2021_00150,2,right,0.976138721774417,136,172,130,3040960,361.53047492533796,83.79631976067182,112.0,565.0
BraTS2021_00151,17,bilateral/midline,0.36430641333983255,136,163,137,3037016,298.1441743248601,60.670736115824376,121.0,468.0
BraTS2021_00152,6,left,0.0,133,167,137,3042907,396.08931134517405,104.99560032752414,155.0,791.0
BraTS2021_00154,2,right,1.0,143,165,141,3326895,360.55154900668816,130.8632966877398,112.0,946.0
BraTS2021_00155,2,right,0.8865190630877073,137,179,137,3359651,411.20787432886596,139.23445454121452,131.0,911.0
BraTS2021_00156,1,left,0.07669499057844775,135,170,142,3258900,264.89648141903814,106.02689888480637,36.0,682.0
BraTS2021_00157,1,left,0.0,177,163,131,3779481,403.7720167262194,131.12625346421723,147.0,953.0
BraTS2021_00158,2,right,0.9830929951932372,128,163,140,2920960,383.72023356122816,138.99722243419424,123.0,991.0
BraTS2021_00159,9,bilateral/midline,0.2140962595833656,138,180,143,3552120,441.9522655348935,147.4626488672109,136.0,1048.0
BraTS2021_00160,2,right,0.9999920432845322,134,173,141,3268662,408.2054871011911,152.64449492412882,147.0,1118.0
BraTS2021_00162,5,left,0.0,135,172,139,3227580,438.6575185243127,150.4184082866482,139.0,1147.0
BraTS2021_00165,1,left,0.11116929852830594,136,181,137,3372392,368.40830804473615,124.85470803441878,126.0,904.0
BraTS2021_00166,2,right,0.9730646590804902,127,161,134,2739898,1302.2250714195818,402.58474166652087,456.0,2933.0
BraTS2021_00167,1,right,0.9981790690490513,129,171,139,3066201,419.1723963073166,138.02805558669718,142.0,1035.0
BraTS2021_00170,1,right,0.9908372562205784,125,170,110,2337500,413.72171550394256,131.21839670608412,135.0,1026.0
BraTS2021_00171,4,left,0.0,141,177,136,3394152,351.85717316462683,132.92215446474583,106.0,894.0
BraTS2021_00172,6,left,0.0016117673537248524,139,170,144,3402720,456.7681319422205,155.1756718274883,151.0,1166.0
BraTS2021_00176,1,left,0.0,142,174,138,3409704,338.2218230582023,142.21513488623674,103.0,972.0
BraTS2021_00177,1,right,0.9973480810234542,147,172,139,3514476,415.5261787517268,145.1231360219405,121.0,1054.0
BraTS2021_00178,1,left,0.058121644110905264,135,175,141,3331125,402.99591469865027,140.264792890931,123.0,1021.0
BraTS2021_00183,2,left,0.08051372953879918,129,165,138,2937330,430.01093895738535,118.55809038641283,171.0,912.0
BraTS2021_00184,5,left,0.04857040468937978,139,177,137,3370611,435.798104412852,145.60451285742744,148.0,1076.0
BraTS2021_00185,8,right,0.9966886357819299,141,168,141,3340008,369.28709188452257,133.50583978610422,113.0,891.0
BraTS2021_00186,3,right,0.8729200638601224,137,205,139,3903815,421.63405132499986,153.831463877505,121.0,1077.0
BraTS2021_00187,1,left,0.019902010079631428,138,167,143,3295578,236.10786026618698,77.35569959943112,65.0,478.0
BraTS2021_00188,1,left,0.0004489505780238692,143,180,138,3552120,327.13343396353906,125.98524951508494,94.0,868.0
BraTS2021_00191,1,left,0.0,136,179,140,3408160,428.13624679450095,173.08104968064183,134.0,1238.0
BraTS2021_00192,2,right,0.9704663792620793,136,177,140,3370080,380.30354312996747,121.26721511084664,136.0,950.0
BraTS2021_00193,1,bilateral/midline,0.5655714647388113,140,188,135,3553200,413.8577426699194,78.0739023693239,170.0,616.0
BraTS2021_00194,1,right,1.0,128,170,142,3089920,376.0849502595783,127.06652392435238,118.0,949.0
BraTS2021_00195,1,right,0.9934084354978479,133,171,138,3138534,374.49864302779633,122.35266418021979,100.0,927.0
BraTS2021_00196,1,bilateral/midline,0.8299071294660757,131,161,139,2931649,410.179157844407,151.22370656054756,116.0,1109.0
BraTS2021_00199,3,left,0.09134787509116224,137,181,140,3471580,371.3491304001102,127.16480594352794,127.0,913.0
BraTS2021_00201,2,left,0.00724696520644716,144,170,142,3476160,420.50475317146316,136.43337365612885,139.0,1017.0
BraTS2021_00203,1,left,0.0016023665721681252,136,167,142,3225104,384.879541661544,144.8562942129596,122.0,1071.0
BraTS2021_00204,2,bilateral/midline,0.3717922948073702,140,174,138,3361680,55.91222453268924,19.632480509304763,14.0,113.0
BraTS2021_00206,2,right,1.0,137,177,140,3394860,2095.6994776679635,392.1603617486479,805.0,2799.070000000065
BraTS2021_00207,2,right,1.0,132,170,143,3208920,389.1741567201469,162.79089478790038,109.0,1132.0
BraTS2021_00209,3,right,1.0,151,173,143,3735589,388.3220132569849,125.18791806553872,141.0,924.0
BraTS2021_00210,1,right,0.9972141278939447,135,170,142,3258900,412.0353675534508,143.15307420787093,143.0,1075.0
BraTS2021_00211,2,left,0.025660706760580337,143,167,141,3367221,366.79650462643457,135.12851678248924,118.0,1010.0
BraTS2021_00212,5,bilateral/midline,0.3349328085616854,141,172,139,3371028,454.5620414485002,147.11024504589327,155.0,1068.0
BraTS2021_00214,1,right,1.0,145,181,140,3674300,384.60856886993804,92.00999232437779,175.0,731.0
BraTS2021_00216,1,right,0.9882513227189971,137,162,138,3062772,267.95224029911225,82.18195540046902,62.0,557.0
BraTS2021_00217,1,right,0.9976180555123668,140,184,141,3632160,413.11577370854764,95.27968358266074,147.0,679.0
BraTS2021_00218,1,left,0.0,149,185,141,3886665,434.6446765942387,165.8368307274868,96.0,1062.0
BraTS2021_00219,2,left,0.0,134,174,139,3240924,386.61295253352256,124.77216290541973,127.0,933.0
BraTS2021_00220,12,right,1.0,127,172,137,2992628,467.54719900232914,164.82545814446775,167.0,1268.0
BraTS2021_00221,1,right,1.0,124,178,136,3001792,370.60956793429875,129.3711414824706,113.0,901.0
BraTS2021_00222,1,right,1.0,141,175,140,3454500,443.3727135737397,147.16901870046158,141.0,1037.0
BraTS2021_00227,7,left,0.0,131,176,143,3297008,388.4451095245943,119.79356264347425,129.0,867.0
BraTS2021_00228,1,left,0.0,145,163,140,3308900,572.1822500391909,152.10069578241303,140.0,1014.0
BraTS2021_00230,5,left,0.017274750161292447,142,165,142,3327060,425.0397603477943,159.21213095301724,140.0,1182.0
BraTS2021_00231,2,left,0.0,142,158,144,3230784,404.77363691497106,140.96134757868478,134.0,1019.6999999999534
BraTS2021_00233,3,right,1.0,142,162,135,3105540,403.0077204241576,128.19744040228295,148.0,991.0
BraTS2021_00234,1,right,0.9795722274535427,146,178,144,3742272,434.9905093836913,141.16705120404217,138.0,977.0
BraTS2021_00235,1,right,0.9998571360540978,126,166,142,2970072,372.7645532500393,125.05628823317831,115.0,892.0
BraTS2021_00236,6,right,0.9674105954388145,140,165,140,3234000,348.5824001432446,137.58427378372372,110.0,887.0
BraTS2021_00237,1,left,0.0,133,173,138,3175242,434.7468069008251,151.0324250052179,134.0,1132.0
BraTS2021_00238,1,bilateral/midline,0.4776879048565651,134,168,140,3151680,407.3660678850954,146.73941516904756,107.0,1040.0
BraTS2021_00239,2,left,0.0,147,179,139,3657507,391.28906981907056,113.3027567572154,149.0,818.0
BraTS2021_00240,2,right,0.8946370794162165,135,169,141,3216915,392.08077580693214,129.62955443286256,143.0,913.0
BraTS2021_00241,1,left,0.0,138,172,140,3323040,313.3985679510792,112.05265159466032,108.0,793.0
BraTS2021_00242,4,left,0.07868451938968599,138,172,140,3323040,382.75456186264154,102.07110886866542,135.0,724.0
BraTS2021_00243,4,right,0.8678038379530917,132,173,135,3082860,427.19474388111206,57.95106929916594,235.0,555.0
BraTS2021_00246,1,right,0.8818740955137482,133,179,138,3285366,434.50910045033356,154.59774822010968,133.0,1125.0
BraTS2021_00247,1,left,0.0,129,160,136,2807040,384.7692007739296,146.42961492477482,113.0,985.0
BraTS2021_00249,1,left,0.0,135,175,141,3331125,440.2859532366121,155.48670940462344,139.0,1096.0
BraTS2021_00250,2,right,0.9361047551291173,136,157,138,2946576,318.4671405988626,110.72380637909052,98.0,743.0
BraTS2021_00251,1,right,1.0,136,179,141,3432504,384.6216010579194,132.96320732128794,118.0,901.0
BraTS2021_00253,1,right,1.0,131,176,139,3204784,399.29128976947726,116.49903858329677,141.0,879.0
BraTS2021_00254,4,right,0.9999797345222413,141,168,139,3292632,355.0059511156903,120.27653585397819,137.0,894.0
BraTS2021_00258,10,left,0.00661634973534601,129,177,138,3150954,311.08343880546727,58.783881983358704,139.0,455.0
BraTS2021_00259,1,left,0.0018977046810048797,130,182,142,3359720,463.3202176911206,171.6068168655642,141.0,1255.0
BraTS2021_00260,1,bilateral/midline,0.8085508444549427,147,162,143,3405402,347.14592619489804,124.88391393402904,91.0,735.0
BraTS2021_00261,1,left,7.453508739238997e-05,145,173,142,3562070,206.9970471786425,86.78510313558317,39.0,589.0
BraTS2021_00262,2,left,0.0,135,175,142,3354750,332.51149316064453,66.16065890899355,131.0,503.0
BraTS2021_00263,2,right,0.9637960411211106,138,190,140,3670800,373.3105911217879,106.11002798500527,129.0,741.0
BraTS2021_00266,2,right,0.9728734111528657,130,169,142,3119740,204.75474321332396,77.66820669075784,34.0,502.0
BraTS2021_00267,2,left,0.0,146,171,142,3545172,355.3167087860264,121.09067916796555,126.0,867.0
BraTS2021_00269,1,left,0.0,147,183,141,3793041,289.6605317537181,117.77940850765975,77.0,814.0
BraTS2021_00270,2,right,1.0,131,154,141,2844534,175.00136545598306,27.875227657869374,80.0,239.0
BraTS2021_00271,1,right,0.9945134486610832,136,165,141,3164040,359.51193857856225,150.09001089264999,112.0,1079.0
BraTS2021_00273,1,left,0.0,136,161,137,2999752,392.60127168963106,140.55055349483183,118.0,914.0
BraTS2021_00274,4,right,1.0,142,167,138,3272532,359.75894272154756,123.51385192605007,123.0,865.0
BraTS2021_00275,1,left,0.0,140,172,142,3419360,677.9434772981571,129.67788247280592,382.0,1098.0
BraTS2021_00280,5,right,1.0,133,171,142,3229506,381.0952872843605,128.9619674597743,119.0,848.0
BraTS2021_00281,1,right,0.9636807871363952,136,162,140,3084480,271.7793391307795,70.22833187734267,80.0,466.0
BraTS2021_00282,3,right,1.0,146,173,139,3510862,409.45893207827424,136.90485214142262,125.0,909.0
BraTS2021_00283,5,bilateral/midline,0.7529233229001531,143,166,143,3394534,429.4398291068968,139.75198130383237,137.0,983.0
BraTS2021_00284,5,bilateral/midline,0.7455352480417755,136,173,139,3270392,558.9941116112186,180.62092745767683,217.0,1476.0
BraTS2021_00285,1,right,1.0,135,176,138,3278880,346.6161861172005,111.35212452086778,112.0,777.0
BraTS2021_00286,14,bilateral/midline,0.32719912613249375,143,183,143,3742167,413.1937885573185,121.41057185238756,142.0,930.0
BraTS2021_00288,1,right,1.0,133,170,140,3165400,416.78269915819715,141.20482994514518,145.0,1081.0
BraTS2021_00289,1,left,0.0,130,175,139,3162250,295.3122923520489,117.13353236711293,73.0,791.0
BraTS2021_00290,4,left,0.0,143,176,149,3750032,321.3320389573215,111.71597994091634,113.0,814.0
BraTS2021_00291,4,right,1.0,135,184,153,3800520,411.31912535812745,71.63946402950602,214.0,610.0
BraTS2021_00292,3,right,0.9985305511768949,146,168,144,3532032,588.3233450815554,185.14977337935164,186.0,1382.0
BraTS2021_00293,7,left,0.0,138,176,141,3424608,351.5451825653614,124.92509185605188,103.0,907.0
BraTS2021_00294,1,right,1.0,137,177,142,3443358,360.6998587595662,62.005859776419804,178.0,539.0
BraTS2021_00296,8,left,0.11861008021070274,134,172,139,3203672,376.8772545816079,126.63434846330019,129.0,929.0
BraTS2021_00297,1,right,1.0,140,156,140,3057600,439.6754076164352,171.1912395869916,131.0,1216.0
BraTS2021_00298,1,right,1.0,127,172,137,2992628,296.8469030925688,119.07089199789357,86.0,816.0
BraTS2021_00299,1,right,1.0,142,163,142,3286732,295.4270411174762,106.6206498198494,83.0,771.0
BraTS2021_00300,3,right,0.9969413914017149,140,172,140,3371200,466.32650399962864,183.47761962191478,141.0,1318.0
BraTS2021_00301,5,left,0.0636616420313186,149,170,144,3647520,456.0406963287712,150.3580575294675,147.0,1101.0
BraTS2021_00303,1,left,0.0,142,176,140,3498880,364.3851452819697,116.46637216358005,116.0,762.0
BraTS2021_00304,2,right,0.9999743316606132,136,177,141,3394152,436.6399351608656,147.70717883589347,147.0,1001.0
BraTS2021_00305,10,left,0.0,136,161,139,3043544,416.07305701877317,132.2182657375695,146.0,993.0
BraTS2021_00306,1,left,0.0,128,164,138,2896896,410.388441093267,135.25778873852596,138.0,1006.0
BraTS2021_00309,5,right,1.0,139,180,139,3477780,330.6812579680046,108.82524050883323,101.0,713.0
BraTS2021_00310,7,right,0.9972840903245718,135,162,136,2974320,542.7327063348166,224.09165540464556,181.0,1524.0
BraTS2021_00311,1,left,0.0,142,170,139,3355460,379.9668529989616,121.65449095866073,130.0,862.0
BraTS2021_00312,1,left,0.00312533150546321,135,168,140,3175200,214.73216081311466,68.82853638442532,56.0,460.0
BraTS2021_00313,2,left,0.03357168493415422,141,173,144,3512592,424.71126283165535,133.50856994989638,145.0,976.0
BraTS2021_00314,6,right,1.0,140,165,140,3234000,365.89349374242835,135.80701286494454,124.0,944.0
BraTS2021_00316,3,right,0.9268975265017668,135,185,141,3521475,515.6253853640468,173.86754950757873,155.0,1256.0
BraTS2021_00317,2,right,0.9958717656406536,133,170,141,3188010,1110.9974478979427,244.55324006012475,496.0,2029.0
BraTS2021_00318,1,bilateral/midline,0.3050089236763213,137,187,140,3586660,522.7627950807577,181.29751079304674,174.0,1357.0
BraTS2021_00320,2,right,1.0,130,173,140,3148600,435.8721364345311,171.5121757293246,139.0,1139.0
BraTS2021_00321,1,right,1.0,138,180,139,3452760,430.8490765000081,131.48756207818192,153.0,954.0
BraTS2021_00322,2,bilateral/midline,0.6210833098298346,144,170,139,3402720,436.0228945851628,134.91765329598954,180.0,1005.0
BraTS2021_00324,1,left,0.00537054352777578,140,178,141,3513720,329.7576457739277,109.53113581613904,103.0,703.0
BraTS2021_00325,1,right,0.9885597138494843,136,164,145,3234080,238.09744222293693,58.61434298806181,77.0,371.0
BraTS2021_00327,2,left,0.004651824165109287,127,173,142,3119882,377.1288378563958,111.26367410496417,117.0,776.0
BraTS2021_00328,2,right,1.0,139,167,144,3342672,473.1212803409364,168.87046330837865,166.0,1261.0
BraTS2021_00329,11,right,0.9932778489116517,136,159,137,2962488,463.7839702551615,150.777594233402,157.0,1116.0
BraTS2021_00331,1,left,0.0,137,173,147,3484047,480.5023985995387,173.33026266309858,137.0,1176.0
BraTS2021_00332,3,right,0.8725043782837127,124,160,127,2519680,408.57016741285105,143.64335742206043,96.0,1037.0
BraTS2021_00334,2,right,0.9386875897521281,134,182,143,3487484,485.4786773894021,145.98364815528856,170.0,1132.0
BraTS2021_00336,1,left,0.0295884898431686,136,173,143,3364504,433.43839322006846,149.88481628329268,154.0,1154.0
BraTS2021_00338,1,left,0.0,138,182,141,3541356,299.2994743503992,59.4187725819496,119.0,466.0
BraTS2021_00339,1,left,0.009248732888067832,138,174,142,3409704,363.0076649221219,111.45523510464133,121.0,826.0
BraTS2021_00340,2,left,0.0010301157365327515,148,171,139,3517812,394.8132993843648,153.38274370813878,118.0,1059.0
BraTS2021_00341,4,left,0.0003619254433586681,132,160,135,2851200,469.6298874223662,134.9433368890727,180.0,1017.0
BraTS2021_00343,2,right,1.0,127,179,143,3250819,419.3832786867644,130.39155310185006,136.0,949.0
BraTS2021_00344,1,right,1.0,132,167,138,3042072,339.96632225015264,119.37452135218255,96.0,803.0
BraTS2021_00346,1,left,0.0,135,169,137,3125655,401.5478700229547,146.34586605418443,132.0,1119.0
BraTS2021_00347,1,right,1.0,134,174,142,3310872,448.578260691583,133.07315765835182,159.0,983.0
BraTS2021_00348,6,left,0.0,126,170,140,2998800,360.0419759994545,103.15114539721883,111.0,667.0
BraTS2021_00349,1,right,1.0,140,167,133,3109540,388.5841883904778,76.83959572901978,158.0,554.2099999999627
BraTS2021_00350,1,right,0.9677489177489178,134,174,138,3217608,292.7365857541124,89.8157163171649,55.0,451.0
BraTS2021_00351,1,right,1.0,137,186,139,3541998,301.1135744665707,106.49954021481149,77.0,697.0
BraTS2021_00352,1,right,1.0,137,164,133,2988244,427.92699739434204,147.46139533258,141.3944940185547,953.4753515625008
BraTS2021_00353,2,left,0.0,135,181,141,3445335,434.83609354237944,179.34902696495035,151.0,1240.0
BraTS2021_00356,1,right,0.9686179843089922,134,161,135,2912490,440.2913160863563,139.40623943899857,156.0,1045.0
BraTS2021_00359,3,right,1.0,135,171,140,3231900,401.24116425385114,130.4090991872074,136.0,1001.0
BraTS2021_00360,3,left,0.03875296578819808,138,165,137,3119490,367.3831070624028,149.2050056110922,111.0,990.0
BraTS2021_00364,1,left,0.09321511799212492,135,164,134,2966760,380.22948171870985,140.16057720797457,115.0,1012.0
BraTS2021_00366,2,right,1.0,133,169,140,3146780,347.3007888983373,97.6057980125486,77.0,581.0
BraTS2021_00367,4,bilateral/midline,0.1503155544416851,137,178,142,3462812,371.92669282986327,132.52038330412475,121.0,869.0
BraTS2021_00369,1,left,0.0001568563954400328,137,168,138,3176208,298.6241933070496,92.12435221637595,79.0,545.0
BraTS2021_00370,3,right,1.0,132,171,132,2979504,372.88345710676987,142.81388201446256,116.0,989.0
BraTS2021_00371,1,right,1.0,138,165,142,3233340,370.97775689022285,131.41604955373342,123.0,952.0
BraTS2021_00373,4,left,0.00027945450480661746,139,164,142,3237032,403.4102464720729,156.65048890194453,133.0,1160.0
BraTS2021_00375,4,right,1.0,136,186,140,3541440,368.9654887519907,114.59882179197399,138.0,875.0
BraTS2021_00376,1,left,0.0,148,179,138,3655896,478.0227388947402,174.3821643459161,120.0,1189.0
BraTS2021_00377,2,right,1.0,132,162,131,2801304,393.9607929255711,64.73624637491685,224.0,620.0
BraTS2021_00378,2,left,0.0,135,173,143,3339765,415.7221856136981,124.48007649701157,138.0,928.0
BraTS2021_00379,2,left,0.0,131,170,139,3095530,332.0427057449294,116.99567265410269,105.0,806.0
BraTS2021_00380,1,left,0.0,134,161,141,3041934,345.42053320282423,103.97638571670413,115.0,733.0
BraTS2021_00382,3,right,1.0,132,184,139,3376032,407.54745398409034,143.93765329769232,132.0,1055.0
BraTS2021_00383,3,right,1.0,145,160,140,3248000,289.02501964865996,76.34381975656292,95.0,552.0
BraTS2021_00386,4,left,0.0,134,181,140,3395560,393.6699016671299,136.3452291546231,122.0,921.0
BraTS2021_00387,5,bilateral/midline,0.6420209488601355,128,171,127,2779776,337.2254100552033,120.58789516774891,106.0,791.0
BraTS2021_00388,2,right,0.9802282031181953,135,171,143,3301155,389.63789003132763,69.63684719667516,173.0,625.0
BraTS2021_00389,1,left,0.0,136,159,137,2962488,397.336677538287,126.2036774883287,147.0,940.0
BraTS2021_00390,3,left,0.03177767354596623,136,175,138,3284400,420.65615086628594,174.88608595268144,118.0,1143.0
BraTS2021_00391,5,right,1.0,137,173,144,3412944,385.61759244615854,138.58413999516318,112.0,990.0
BraTS2021_00392,1,right,1.0,131,152,137,2727944,377.1461885764714,173.2630775750069,78.0,1112.0
BraTS2021_00395,1,left,0.026156882670210272,143,174,139,3458598,399.9639490026041,166.70253917999673,123.29000000000087,1195.0
BraTS2021_00397,2,right,0.9453286546776114,126,168,145,3069360,463.7110861629092,161.64648468775223,158.0,1156.0
BraTS2021_00399,2,right,0.9999693355002913,135,169,140,3194100,359.6913959739415,131.30261685637603,113.0,954.0
BraTS2021_00400,1,right,0.9528587430587001,138,175,146,3525900,386.0499933107702,140.50466792608665,118.0,1020.0
BraTS2021_00401,2,left,0.1200564458054802,138,176,139,3376032,315.5137068571624,146.16386684913226,96.0,910.0
BraTS2021_00402,2,right,0.9926919602919758,128,184,144,3391488,422.7831070945869,174.74356917264654,118.0,1178.0
BraTS2021_00403,1,left,0.0,138,160,137,3024960,249.6404025028832,85.9723161954883,33.0,478.0
BraTS2021_00404,2,bilateral/midline,0.21956663506854104,136,175,143,3403400,318.3422908463766,98.27514274920642,112.0,759.0
BraTS2021_00405,1,left,0.0,119,164,141,2751756,365.9195744781505,91.58296008001132,143.0,697.0
BraTS2021_00406,4,right,0.9946683483345755,136,179,140,3408160,385.03508227560917,134.59288187406312,127.0,1006.0
BraTS2021_00407,1,right,1.0,134,165,144,3183840,396.23756082247684,133.38867729775603,127.0,958.0
BraTS2021_00409,2,left,0.0,137,183,143,3585153,364.4137778102962,130.1818630183909,113.0,937.0
BraTS2021_00410,3,right,0.861182916007562,133,166,140,3090920,378.9591438618621,116.51193540874051,137.0,858.0
BraTS2021_00412,1,left,0.0,143,166,139,3299582,436.54475762428495,155.13299670640453,130.0,1175.0
BraTS2021_00413,1,right,1.0,134,152,133,2708944,406.6775334365716,137.9534416908142,150.0,1000.0
BraTS2021_00414,2,left,0.0,132,184,143,3473184,443.60426247036315,134.6506295998323,143.0,912.0
BraTS2021_00416,3,right,0.9904316856180503,133,185,143,3518515,499.97243471755473,189.28667888371115,113.0,1245.0
BraTS2021_00417,5,right,1.0,142,162,135,3105540,351.7062020412217,137.97777109947694,101.0,935.0
BraTS2021_00418,10,right,0.9998909975445762,138,170,135,3167100,301.43964818010494,106.94024647756638,53.0,635.0
BraTS2021_00419,6,left,0.0,138,171,137,3232926,470.9965855561223,154.69550479109841,144.0,1158.0
BraTS2021_00421,2,right,0.999699140968291,144,168,142,3435264,335.83543390359284,127.89254960659294,122.0,937.0
BraTS2021_00423,19,bilateral/midline,0.6219508022854014,138,168,142,3292128,430.484343138524,155.5017860492389,143.0,1092.0
BraTS2021_00425,1,right,1.0,150,183,138,3788100,385.72568304751144,150.12046564020156,81.0,923.4599999999627
BraTS2021_00426,1,left,0.0013124698233946046,129,175,137,3092775,421.5971977714278,174.08808958261167,110.0,1194.0
BraTS2021_00429,3,bilateral/midline,0.7155273094642717,137,184,144,3629952,246.69235063302744,45.635895978250026,115.0,397.0
BraTS2021_00430,1,right,1.0,132,174,140,3215520,375.29949480480457,122.84868778563309,132.0,902.0
BraTS2021_00431,2,left,0.0,139,175,141,3429825,395.2240178451243,141.23094922619862,118.0,971.0
BraTS2021_00432,4,bilateral/midline,0.749091507869813,131,169,144,3188016,426.64681929911933,144.52634367371508,121.0,1030.0
BraTS2021_00433,1,bilateral/midline,0.8493236212278876,139,178,139,3439138,401.8380794387297,140.29839809294336,118.0,1012.0
BraTS2021_00436,1,right,1.0,129,167,138,2972934,424.5021676269097,71.91673863582845,226.0,629.0
BraTS2021_00440,4,right,0.9844765074268216,138,179,139,3433578,390.15906044568936,128.57576375756463,134.0,911.0
BraTS2021_00441,6,left,0.10007912286650843,128,176,141,3176448,328.3551130177184,76.33165264815578,107.0,531.0
BraTS2021_00442,4,right,0.9051260392121994,144,169,136,3309696,555.8634605524402,139.03085992341389,210.0,925.0
BraTS2021_00443,1,right,0.948190860602566,130,173,137,3081130,2550.58994040888,749.1626163796893,759.0,4766.0
BraTS2021_00444,6,left,0.042314081891918306,144,168,140,3386880,380.32728651237034,116.14651677124112,109.0,779.0
BraTS2021_00445,1,left,0.03397116370834449,146,179,133,3475822,1979.559972580419,507.2295855164531,767.0,3887.0
BraTS2021_00446,2,right,1.0,148,164,136,3300992,1466.9335746798117,467.225933638167,434.0,2826.0
BraTS2021_00448,1,left,0.022513211847647565,128,172,138,3038208,4798.624623731996,1428.923336399296,1260.0,9605.0
BraTS2021_00449,4,bilateral/midline,0.21573516611054694,143,160,144,3294720,441.78514548248916,126.39071587057101,131.0,978.0
BraTS2021_00451,1,right,0.9850177547118274,137,162,138,3062772,1070.5549526859804,246.4681963146275,437.0,1786.0
BraTS2021_00452,3,right,0.9097517967521596,153,177,135,3655935,2076.90472469468,641.487775108202,541.0,4242.0
BraTS2021_00453,1,left,0.0,128,170,136,2959360,752.3164455918196,258.8297060760464,189.0,1728.0
BraTS2021_00454,1,left,0.0006479728613719237,133,162,134,2887164,2569.103467735259,804.0307987863509,822.0,5615.0
BraTS2021_00455,2,left,0.08796092581184546,134,157,133,2798054,677.8187955055514,90.26815443414384,382.0,935.0
BraTS2021_00456,1,right,0.894062924364851,144,158,142,3230784,417.9568537822238,106.32575215040657,143.0,865.0
BraTS2021_00457,2,left,0.0,134,181,142,3444068,1407.72717534684,346.0073136799145,603.0,2455.0
BraTS2021_00459,3,left,0.0,130,163,132,2797080,168.36096576050227,28.384026965760288,80.0,220.0
BraTS2021_00464,1,left,0.0,143,187,141,3770481,2687.2517141924404,855.2361647176082,894.0,5559.0
BraTS2021_00466,1,right,0.9773860103440067,145,163,149,3521615,1908.8346118886075,820.2376012379834,496.0,5266.0
BraTS2021_00468,6,right,0.9888588655777958,133,169,144,3236688,4921.112730397325,1637.6224650773781,1141.0,10714.369999999879
BraTS2021_00469,2,left,0.0,135,176,139,3302640,3086.0253518828117,1179.3461788347645,995.0,8304.0
BraTS2021_00470,1,left,0.0,141,174,141,3459294,3327.2219046056703,951.0053730305481,1106.0,6772.0
BraTS2021_00472,1,left,0.0,136,179,142,3456848,3058.96873062846,930.3168910256388,942.0,6190.0
BraTS2021_00477,1,left,0.1167381263075043,142,178,144,3639744,3404.103446024854,1261.292036478684,1049.0,8651.0
BraTS2021_00478,1,right,1.0,136,173,139,3270392,5115.0636570375955,1480.0660582225264,1475.0,10189.26000000001
BraTS2021_00479,1,right,1.0,127,173,143,3141853,3209.0214787370173,1045.3609500279556,1003.0,7013.0
BraTS2021_00480,2,left,0.10041213495353149,142,178,139,3513364,2087.117384554191,800.7568552489049,529.0,5096.0
BraTS2021_00481,2,right,0.9663250267502036,137,179,137,3359651,2825.0783172761076,973.7347527787883,983.0,6647.0
BraTS2021_00483,1,right,0.9724429252455044,141,189,138,3677562,2879.631337651413,1052.8349910058164,1066.0,7816.0
BraTS2021_00485,2,left,0.011839123228359774,132,170,131,2939640,3191.00093460517,1004.7774942775429,949.0,6610.0
BraTS2021_00488,1,right,0.9842882224372066,136,181,138,3397008,2998.8901021149654,984.1364931785382,773.0,6868.0
BraTS2021_00491,1,right,0.9989282208466054,134,180,147,3545640,3407.713131380753,1230.0259480127552,859.0,8638.0
BraTS2021_00493,3,bilateral/midline,0.2239122231575281,136,171,132,3069792,2753.7885456129843,1082.889692282572,703.0,6664.0
BraTS2021_00494,2,right,1.0,142,163,142,3286732,2706.7738531474615,1026.5331737020829,684.0,6404.0
BraTS2021_00495,2,right,0.9961531489798796,133,174,137,3170454,3164.593697045405,965.2689812950914,1013.0,6921.0
BraTS2021_00495,2,right,0.9961531489798796,133,174,137,3170454,3164.593697045405,965.2689812950914,1013.0,6921.0
BraTS2021_00496,1,right,1.0,134,179,144,3453984,3356.950029359953,1192.468504295584,1033.0,7887.0
BraTS2021_00498,2,left,0.0,141,171,146,3520206,2105.2034157466596,794.6137732058186,702.0,5220.0
BraTS2021_00499,1,right,0.99853671430999,145,178,145,3742450,4287.215629493484,1174.4204831259608,1270.0,8846.0
BraTS2021_00500,1,left,0.0,137,184,133,3352664,2586.683094434506,807.017203710982,737.0,5248.0
BraTS2021_00501,1,left,0.021916044295647696,132,170,140,3141600,3351.9669935912875,980.6601343888793,909.0,6709.0
BraTS2021_00502,1,left,0.0,140,175,144,3528000,2407.396818937243,786.8071992328844,780.0,4829.0
BraTS2021_00504,1,right,0.9140274429816428,135,179,142,3431430,3494.267275705191,960.7391655563341,1097.0,6727.0
BraTS2021_00505,1,left,0.0,140,172,138,3323040,3752.590798095106,1162.491385508914,1143.0,7748.0
BraTS2021_00506,1,right,0.8835123012097322,142,182,145,3747380,2923.400686034856,1009.6719630999569,1077.0,6856.0
BraTS2021_00507,4,bilateral/midline,0.16236824677695874,132,175,134,3095400,2964.3759214479373,1063.3222288379998,1173.0,7691.0
BraTS2021_00510,3,left,0.0,130,185,145,3487250,3455.4585825364684,1279.6676809013934,1051.0,8246.0
BraTS2021_00511,1,left,0.0,145,185,139,3728675,2720.8105518121592,858.8111698294647,837.0,5493.0
BraTS2021_00512,3,right,0.9999450556159265,130,171,136,3023280,2689.4453557073293,1155.1757851705756,721.0,7450.0
BraTS2021_00513,1,right,0.997407295749171,142,185,142,3730340,2561.050375280276,905.0231090025845,656.0,5729.0
BraTS2021_00514,3,left,0.0013630731102850062,142,165,144,3373920,3659.243495931656,1258.2334944484355,1140.0,8001.3300000000745
BraTS2021_00516,1,bilateral/midline,0.8204315162195377,136,169,138,3171792,3330.249783595341,1252.2174771070092,877.0,7894.0
BraTS2021_00517,1,right,0.9449244060475162,146,178,144,3742272,3326.7649650634403,1088.5276646979892,1387.0,8142.0
BraTS2021_00518,1,left,0.0,133,181,136,3273928,4357.553150661152,1403.0566040371818,1478.0,9842.0
BraTS2021_00519,1,left,0.0,138,180,141,3502440,4123.474048898544,1340.1235126158765,1388.0,9467.0
BraTS2021_00520,1,left,0.0,137,171,138,3232926,2832.4778580620723,984.7166179237583,926.0,6770.0
BraTS2021_00523,1,right,0.9978856077981652,135,176,134,3183840,2484.8173496404115,765.5147669021376,730.0,5386.0
BraTS2021_00524,2,right,0.9943954762591372,127,178,129,2916174,4123.772464677768,1404.9634150288173,1293.0,9144.0
BraTS2021_00525,1,left,0.0,143,175,148,3703700,1920.4748760384332,677.8629447765733,715.0,4679.0
BraTS2021_00526,4,right,0.9333972091194969,144,188,139,3763008,3284.5921140329533,886.6866107530452,1088.0,6281.0
BraTS2021_00528,3,bilateral/midline,0.3166725476358504,148,194,147,4220664,3250.6928295439666,974.1198466824189,1308.0,6564.0
BraTS2021_00529,2,left,0.0,138,178,143,3512652,2635.1770812236036,808.1641307880246,832.0,4957.0
BraTS2021_00530,1,right,1.0,145,186,142,3829740,3132.6496116059966,830.9638427271445,1358.0,6117.0
BraTS2021_00532,1,right,0.8736698273363421,132,176,145,3368640,2269.1714451336534,763.0292588200358,650.0,4930.0
BraTS2021_00533,1,left,0.0,137,174,144,3432672,3413.9943162041704,895.3104012710304,1107.0,6847.0
BraTS2021_00537,4,bilateral/midline,0.7661002794462467,140,181,144,3648960,2648.1020627310704,761.5281026915925,814.0,5073.0
BraTS2021_00538,4,bilateral/midline,0.8038191572330017,134,171,141,3230874,2881.1072156520063,967.2736174755007,713.0,6651.0
BraTS2021_00539,1,left,0.0,133,169,139,3124303,2790.519442109733,860.9125121480167,844.0,6064.0
BraTS2021_00540,3,right,0.9847829569117411,137,178,140,3414040,1263.5839103410724,511.05887298147013,275.0,3229.0
BraTS2021_00542,4,left,0.0,141,161,144,3268944,3251.350295074364,1169.4826325193171,982.0,7620.280000000028
BraTS2021_00543,2,left,0.028523963784367473,133,181,142,3418366,2923.4835435561363,836.9092044240125,1040.0,5946.0
BraTS2021_00544,1,left,0.0,142,171,140,3399480,3089.3013603591094,1036.21572620021,839.0,6585.0
BraTS2021_00545,1,left,0.0,138,168,132,3060288,2287.2974748132856,831.1641495423002,577.0,5569.0
BraTS2021_00547,2,left,0.0,141,172,146,3540792,2454.9117817113015,847.9295639131038,841.0,5389.0
BraTS2021_00548,1,right,0.9969621221556034,134,181,144,3492576,2127.891278875073,942.1162671129806,672.0,6644.0
BraTS2021_00549,1,right,0.9673093981978617,136,179,140,3408160,2391.2471932792946,764.2901878009363,762.0,5046.0
BraTS2021_00550,2,left,0.0,131,176,135,3112560,2450.6441596042896,856.5693322329005,686.0,5826.0
BraTS2021_00551,1,left,0.09854717152456188,145,165,143,3421275,3461.6387757129455,1231.4760934996762,1040.0,7637.0
BraTS2021_00552,2,left,0.021977946715978358,138,173,148,3533352,1734.479593202441,852.951259219384,370.0,5273.0
BraTS2021_00554,1,right,1.0,143,165,139,3279705,1626.206495223635,750.3327846818386,345.0,4273.0
BraTS2021_00555,1,left,0.013713695740000897,139,156,141,3057444,2697.277517831156,931.9287904059657,758.0,5672.389999999898
BraTS2021_00556,1,right,1.0,143,182,141,3669666,3351.5905141892836,1064.8005354610625,1131.0,6692.0
BraTS2021_00557,1,right,0.9991429889907048,137,173,137,3247037,1941.3737259527502,811.285057149015,425.0,5291.0
BraTS2021_00558,1,bilateral/midline,0.8495545762926798,143,188,139,3736876,2607.5629129320755,1010.304000055428,683.0,6753.0
BraTS2021_00559,3,bilateral/midline,0.6543476481587579,138,169,143,3335046,1830.2768025751213,636.7686385385962,638.0,4215.0
BraTS2021_00561,2,left,0.0,126,155,134,2617020,2519.368222436521,749.4935435999673,864.0,5821.139999999898
BraTS2021_00563,1,left,0.0,123,166,138,2817684,2297.546279536149,608.7113098634223,759.0,4316.0
BraTS2021_00565,3,left,0.0,128,173,137,3033728,2704.861315530806,757.206012977903,893.0,4707.0
BraTS2021_00567,2,left,0.0,133,172,141,3225516,4672.947965504133,1205.4920248514807,1991.0,8028.0
BraTS2021_00568,2,bilateral/midline,0.6782442001138628,154,183,146,4114572,5092.983115601256,1086.1837677510885,1750.0,8264.0
BraTS2021_00569,1,right,0.9963614475757637,135,164,132,2922480,3310.890388797091,803.7726109011035,1634.0,6001.0
BraTS2021_00570,2,right,1.0,128,166,101,2146048,831.003199517417,170.61255472639223,314.0,1343.0
BraTS2021_00571,1,left,0.0,138,175,98,2366700,364.9971301609935,61.55287384231007,188.0,534.0
BraTS2021_00572,2,left,0.0,133,171,138,3138534,4848.053524791738,1025.7635427104256,1918.0,7370.0
BraTS2021_00574,3,left,3.0304254717362318e-05,132,183,142,3430152,2617.6152588066257,763.252854763818,1088.0,5420.979999999981
BraTS2021_00575,3,left,0.0,140,175,123,3013500,390.2308236191403,79.41470720900462,184.0,648.0
BraTS2021_00576,2,left,0.0,128,167,130,2778880,1982.252750993065,412.67679172007445,850.0,2778.0
BraTS2021_00577,1,right,0.998865737226147,145,175,139,3527125,2713.8599414594023,721.6696542723525,1154.0,5223.0
BraTS2021_00578,1,right,0.8992829354757027,133,183,105,2555595,315.72509694269894,96.85994645249954,120.0,647.0
BraTS2021_00579,2,right,0.9996842349663339,135,177,143,3416985,2768.6217008493486,934.3202817370036,993.0,6483.0
BraTS2021_00580,4,right,1.0,139,184,141,3606216,999.3241853661958,229.41419834518518,363.49461669921874,1914.0633300781246
BraTS2021_00581,2,right,0.9527733641484906,127,161,134,2739898,61.49584052381267,17.58067629358738,18.0,125.0
BraTS2021_00582,1,right,1.0,130,180,143,3346200,2474.7688787855136,510.3410587926857,907.0,4155.0
BraTS2021_00583,1,left,0.00015153524141458147,133,185,142,3493910,344.7914636466333,102.64024069042065,58.0,711.0
BraTS2021_00584,2,left,0.0,136,163,135,2992680,397.3129016653474,71.87125984928673,189.0,552.0
BraTS2021_00586,1,left,0.04804982097966024,134,173,140,3245480,2712.7788540883894,681.9822979208545,1221.0,5035.0
BraTS2021_00587,10,right,0.9485829177845981,149,164,142,3469912,2606.8031510506626,600.6807519977194,1248.0,4561.0
BraTS2021_00588,5,right,0.9997494466947843,145,156,137,3098940,268.0938277314644,78.2096124842891,72.0,450.0
BraTS2021_00589,2,right,0.9891180769855449,127,168,100,2133600,284.15118120614625,88.66796342307273,105.0,578.0
BraTS2021_00590,2,right,1.0,127,162,136,2798064,2619.783372277849,732.0258651699625,1158.0,5359.0
BraTS2021_00591,5,right,0.9218363040513492,136,170,141,3259920,2499.040700769118,693.4299282126074,1135.0,5105.0
BraTS2021_00593,1,left,0.028068897452768117,142,171,147,3569454,2696.5741502175206,739.5656224077605,1019.0,5007.0
BraTS2021_00594,2,bilateral/midline,0.729662979161307,146,193,126,3550428,608.3910943088724,171.0352039253117,154.0,1036.0
BraTS2021_00596,4,right,0.9721699073602769,143,179,144,3685968,2905.1046186020703,890.0469104925847,1134.0,6131.0
BraTS2021_00597,1,left,0.0369196297852296,143,178,141,3589014,2827.4841577033512,718.6786701608091,1344.0,5259.0
BraTS2021_00598,2,right,1.0,142,188,140,3737440,3256.3867444071193,978.9750578724382,1198.0,6710.0
BraTS2021_00599,2,right,0.9579622627985737,134,155,135,2803950,3745.1045108129233,986.1271039232295,1675.0,7220.0
BraTS2021_00601,1,right,1.0,141,169,140,3336060,2897.6350178509792,966.4821036638239,831.0,6265.0
BraTS2021_00602,6,left,0.019561663572635838,131,160,130,2724800,3173.542402598869,1071.3949238033363,999.0,6872.0
BraTS2021_00604,1,right,0.8916587665068831,136,178,146,3534368,3253.705851094045,971.1072080041362,1008.0,7117.0
BraTS2021_00605,1,right,0.9443506385407501,147,167,146,3584154,3426.515048555012,1139.9070729595096,1136.0,7965.0
BraTS2021_00606,3,right,0.9486147716306133,144,189,141,3837456,3200.9349691930856,1057.1207491822117,893.0,6880.0
BraTS2021_00607,1,bilateral/midline,0.19031472214906506,135,167,142,3201390,2147.8350290054236,850.7454977758802,440.0,5604.0
BraTS2021_00608,1,right,1.0,138,172,144,3417984,2829.486908333669,1361.6355527612445,519.0,8427.0
BraTS2021_00610,1,right,1.0,141,179,143,3609177,3763.094953524827,1157.6348673935595,1391.0,8796.0
BraTS2021_00611,2,left,0.0,129,157,142,2875926,2786.4360346416556,962.512752539208,843.0,6243.0
BraTS2021_00612,1,right,0.9054903869879228,120,180,140,3024000,2535.421726233705,998.1302651736768,648.0,6193.0
BraTS2021_00613,1,left,0.09907480289559596,131,169,138,3055182,3193.4016478654344,1083.006828895247,1058.0,7584.0
BraTS2021_00615,1,right,1.0,132,176,141,3275712,1985.5459239292552,839.0344960382181,422.0,5009.0
BraTS2021_00616,2,left,0.0002863278453829635,136,174,149,3525936,3089.907638244092,851.2658831987535,1017.0,6016.0
BraTS2021_00618,1,right,1.0,140,172,145,3491600,3425.7519440077435,1173.5445062410427,1108.0,7563.0
BraTS2021_00619,1,right,1.0,135,166,140,3137400,4050.3481199055173,1425.3931262074368,1189.0,9758.0
BraTS2021_00620,1,left,0.0,136,171,146,3395376,2356.4295289122524,792.5536523037528,694.0,5364.0
BraTS2021_00621,4,left,0.024930128563443264,135,181,142,3469770,2911.6884193059304,968.7239763819182,879.0,6853.0
BraTS2021_00621,4,left,0.024930128563443264,135,181,142,3469770,2911.6884193059304,968.7239763819182,879.0,6853.0
BraTS2021_00622,1,left,0.0,129,167,137,2951391,3175.5108374931465,1047.844955728519,826.0,6756.060000000056
BraTS2021_00623,5,bilateral/midline,0.3624982662654453,136,179,144,3505536,3296.3506865027534,973.1857995987552,955.0,7131.0
BraTS2021_00624,1,left,0.0,139,177,144,3542832,1190.518414885889,436.8888825267738,291.0,2630.0
BraTS2021_00625,1,left,0.0,150,190,150,4275000,2639.580029833755,942.8335402300505,699.3199999999997,5841.679999999935
BraTS2021_00626,1,left,0.0,139,184,147,3759672,2222.1094672082704,996.1041854628904,439.0,5795.0
BraTS2021_00628,7,right,1.0,134,177,151,3581418,2350.546952967279,837.8020568278146,603.0,5321.520000000019
BraTS2021_00630,1,left,0.05336430683258066,147,164,146,3519768,3114.3975749182596,1164.5859390407181,830.0,7808.0
BraTS2021_00631,1,left,0.022806054427103758,143,176,140,3523520,3309.0479900665673,1047.5573579813454,1066.0,6678.0
BraTS2021_00636,3,left,0.0,137,174,142,3384996,3847.1048060216212,1086.4664846060568,1256.0,6984.0
BraTS2021_00638,10,bilateral/midline,0.8153663522123024,144,168,148,3580416,3572.684059634076,1115.6536488708346,1360.0,8444.0
BraTS2021_00639,1,right,1.0,134,176,124,2924416,2416.2396973445943,890.0584084402903,623.0,5873.0
BraTS2021_00640,3,right,0.869029391596765,143,170,142,3452020,3944.7796863716085,1168.808222544458,1284.0,8370.0
BraTS2021_00641,1,right,1.0,140,174,139,3386040,3556.046846314494,1069.4712508445436,1103.0,6997.0
BraTS2021_00642,2,left,0.0,137,170,138,3214020,2735.661104213617,908.9592931896078,761.0,5732.0
BraTS2021_00645,2,left,0.0,140,177,137,3394860,2940.3638289184746,952.3122508303643,705.0,6463.0
BraTS2021_00646,2,right,0.9804145532968569,149,172,140,3587920,3110.287519872357,1023.5031506495195,909.0,6719.0
BraTS2021_00649,1,left,5.0965801946893634e-05,135,180,138,3353400,3176.2434671332285,1129.5811203144901,890.0,6773.0
BraTS2021_00650,5,left,0.00017521112941094018,133,161,146,3126298,4822.780407562983,1577.971671038213,1754.0,10782.0
BraTS2021_00651,2,left,0.0,135,169,145,3308175,4478.453984392821,1359.5722006023402,1271.0,9449.0
BraTS2021_00652,2,right,0.9984799669558034,145,175,143,3628625,1045.686692279535,283.3693154775951,196.0,1816.0
BraTS2021_00654,2,right,0.94291461825049,134,171,136,3116304,2319.82211996692,826.1132180903988,690.0,5400.0
BraTS2021_00655,2,left,0.0,152,182,139,3845296,3453.8089034752597,1077.7125098923746,1055.0,7213.0
BraTS2021_00656,6,right,1.0,146,166,133,3223388,1214.4073448792858,302.15198159873694,289.0,1870.0
BraTS2021_00657,2,bilateral/midline,0.1764063709316062,139,172,146,3490568,3714.565788881081,1031.0971077585366,1373.0,7837.0
BraTS2021_00658,1,left,0.0,147,181,142,3778194,3428.5966797736946,1111.5726388155824,986.0,7815.0
BraTS2021_00659,3,left,0.0,135,178,132,3171960,2911.339442005382,1013.5811609700053,995.0,7379.010000000009
BraTS2021_00661,3,left,0.0021074545873399145,131,173,145,3286135,3601.877395288115,1094.123192091949,1255.0,8118.0
BraTS2021_00663,1,right,1.0,150,167,147,3682350,2808.865016505299,923.0983323669104,931.0,6287.0
BraTS2021_00667,1,right,0.937959702095722,140,176,145,3572800,3132.6799440204136,900.9687159263507,1035.0,6787.030000000028
BraTS2021_00668,5,bilateral/midline,0.20509812004841257,131,180,141,3324780,2249.7540975161232,846.2124507257522,719.0,6016.0
BraTS2021_00674,3,bilateral/midline,0.6138895854977967,132,164,151,3268848,2241.4661820759957,951.259539306914,506.0,6332.689999999944
BraTS2021_00675,1,left,0.0,140,180,148,3729600,3054.9747721119634,1188.2999308535434,720.0,7311.030000000028
BraTS2021_00676,4,left,0.12885017696669868,138,171,146,3445308,3674.4521736152196,1168.2258079661315,1156.0,8208.0
BraTS2021_00677,5,left,0.025481398082686225,136,181,146,3593936,3552.217126947878,1000.428362111105,1143.0,7297.0
BraTS2021_00679,1,right,0.8812009014253356,127,170,142,3065780,1087.9430344668363,361.8023204780066,325.0,1877.0
BraTS2021_00680,2,left,0.0,147,184,145,3921960,1815.0954388133634,644.8968684243287,457.0,4190.0
BraTS2021_00682,1,left,0.0,138,176,141,3424608,3028.9595008204246,918.5082367421633,1062.0,6576.0
BraTS2021_00683,5,left,0.0,144,181,144,3753216,3219.5581514514524,1081.0025577332497,884.0,6727.0
BraTS2021_00684,1,bilateral/midline,0.2783231171503279,134,161,140,3020360,3650.4588689030516,1101.2223503132686,1180.0,6903.0
BraTS2021_00685,2,right,1.0,135,182,141,3464370,3483.373932353733,1179.053054987578,1028.0,7749.0
BraTS2021_00686,1,right,0.974845947598664,145,181,138,3621810,2570.0277444949716,964.3249250815367,701.0,6293.0
BraTS2021_00687,1,left,0.037571723415061105,134,162,148,3212784,3076.110430444256,1058.0536069787388,933.0,7006.0
BraTS2021_00688,1,left,0.0,138,190,138,3618360,4121.269849091651,1223.4529284211103,1434.0,8251.0
BraTS2021_00689,1,left,0.0,134,170,144,3280320,3167.034513935214,941.1781732932843,1120.0,6265.0
BraTS2021_00690,1,left,0.0,134,180,141,3400920,3123.198505805794,1159.7377672289117,960.0,7952.0
BraTS2021_00691,1,left,0.0,132,164,134,2900832,4399.884087854445,1018.1354240382475,1717.0,7378.0
BraTS2021_00692,1,right,0.999896796261076,145,192,146,4064640,3026.4660241829156,1089.4754525772707,730.0,6412.0
BraTS2021_00693,7,left,0.0003873790389961566,133,161,146,3126298,3484.6019364783483,1091.0095151561657,1177.0,7695.0
BraTS2021_00694,2,right,0.9876681614349776,131,173,139,3150157,3000.8694567992306,889.8889060140066,848.0,6007.0
BraTS2021_00697,1,right,0.9978531558608845,147,155,145,3303825,2999.079275259589,1077.947819930489,904.0,6917.0
BraTS2021_00698,2,right,1.0,139,188,142,3710744,4053.0170042689583,1379.0989773333488,1200.0,9619.0
BraTS2021_00703,6,bilateral/midline,0.7994171829149006,139,183,143,3637491,3389.1017848660995,1118.1883472464249,1102.0,7696.0
BraTS2021_00704,1,right,1.0,131,165,130,2809950,3150.338858475303,1275.3779344076397,757.0,8892.0
BraTS2021_00705,1,left,0.0,150,187,145,4067250,2595.153313075383,885.023097864433,666.0,5708.0
BraTS2021_00706,3,right,1.0,142,191,145,3932690,3198.9609527612347,1007.5617643840712,831.0,6626.0
BraTS2021_00707,1,right,1.0,147,177,136,3538584,1673.6199006606514,641.5193680942311,319.0,3926.0
BraTS2021_00708,1,left,0.0,139,172,137,3275396,1676.3283523370797,499.015126079095,436.0,3258.0
BraTS2021_00709,1,left,0.0,131,176,134,3089504,1900.2141335508386,721.9959761965716,481.0,4656.0
BraTS2021_00714,1,left,0.04615391840990428,131,171,137,3068937,2762.9562262039262,1106.0333681406134,750.0,7099.0
BraTS2021_00715,2,bilateral/midline,0.5193126589325749,138,174,141,3385692,4078.465088733954,1417.8262911120385,1409.0,9974.0
BraTS2021_00716,2,right,1.0,138,167,145,3341670,2825.496721777611,957.6157498555253,697.0,6120.0
BraTS2021_00718,2,right,1.0,146,180,147,3863160,2686.675861819588,726.0769513606098,825.0,5132.0
BraTS2021_00723,1,left,0.0,137,165,136,3074280,3564.7568920276344,1011.0839270423896,1247.6000000000004,6768.399999999907
BraTS2021_00724,1,right,0.9747480275843486,135,175,141,3331125,2537.1936676490413,870.7549323786969,675.0,5601.610000000102
BraTS2021_00725,1,bilateral/midline,0.40968076959390703,135,165,135,3007125,3114.133151052997,963.1709645872136,930.0,6677.0
BraTS2021_00727,2,right,1.0,139,166,132,3045768,3454.4701576301077,1221.5666439527788,878.0,7534.0
BraTS2021_00728,1,left,0.0,143,179,139,3557983,2563.9543400262614,888.9888969382006,659.0,5910.0
BraTS2021_00729,1,left,0.0,127,172,128,2796032,3178.451150199788,940.0941055162843,1001.0,6126.0
BraTS2021_00730,1,right,1.0,140,162,140,3175200,1988.383872406735,852.6332406182353,446.0,5236.0
BraTS2021_00731,1,right,1.0,136,155,143,3014440,4906.896912873932,1420.2199041156953,1705.0,10191.0
BraTS2021_00732,3,left,0.0,131,170,131,2917370,2572.0948166184753,1118.034640873388,607.0,7693.0
BraTS2021_00733,2,right,1.0,149,167,136,3384088,2930.564385778769,790.963695834421,928.0,5274.0
BraTS2021_00734,3,left,0.0,147,176,142,3673824,3977.209633570185,1279.8270940862562,1359.0,9055.0
BraTS2021_00735,1,left,0.0,135,180,140,3402000,3594.0237976094277,1072.1732155187503,1136.0,7212.090000000084
BraTS2021_00736,1,right,1.0,134,169,140,3170440,2743.8639585325077,835.5063665743768,801.0,5405.0
BraTS2021_00737,2,left,0.00020593928909757404,123,161,132,2613996,3072.4219119983527,1016.7821918958682,936.0,6723.0
BraTS2021_00739,2,right,0.9860364101493625,137,181,142,3521174,3265.08737799542,1053.6942605063787,893.0,7286.0
BraTS2021_00740,2,left,0.0,132,180,146,3468960,3594.8623047355363,1044.0007667043146,1315.0,7544.0
BraTS2021_00742,1,right,0.9749541197405046,131,174,141,3213954,2794.9038328978486,970.206189860603,703.0,6392.0
BraTS2021_00744,1,left,0.0,141,188,140,3711120,3420.103656377849,939.1856235266862,1271.0,7010.0
BraTS2021_00746,1,right,1.0,134,170,142,3234760,3846.7598852515125,1126.2535004531708,1254.0,7742.0
BraTS2021_00747,1,right,0.99962582929181,138,183,143,3611322,4539.299970532096,1144.9140485435519,1799.0,8642.0
BraTS2021_00750,1,right,0.9993912497054434,136,175,142,3379600,3119.8863608848715,1140.5341257031323,844.0,7359.0
BraTS2021_00751,1,left,0.03735879350880211,142,184,139,3631792,3438.089498613836,932.0098834307943,1183.0,6458.0
BraTS2021_00753,3,right,0.99375,132,177,127,2967228,2927.434748977915,1144.715050880298,427.0,5363.0
BraTS2021_00756,2,right,0.9888240630670087,134,171,141,3230874,2570.154318219267,839.2661326515528,744.0,5459.0
BraTS2021_00757,8,right,0.9699986566562682,132,176,142,3298944,3128.055542712686,1114.5269304787857,932.0,7109.0
BraTS2021_00758,1,left,0.0,141,183,148,3818844,3502.834873410215,1288.4944536241662,946.0,8168.570000000065
BraTS2021_00759,2,right,1.0,143,166,143,3394534,2812.5768101151903,869.0692468475789,706.0,5585.0
BraTS2021_00760,4,right,0.9740553922327093,139,184,146,3734096,2962.948519388646,905.5747402395257,843.0,6470.0
BraTS2021_00764,2,bilateral/midline,0.8168426777863391,137,182,143,3565562,3326.963084091101,947.0519626828922,1021.0,6527.0
BraTS2021_00765,2,right,1.0,136,173,139,3270392,2965.9365417183753,1155.1240114381294,796.0,7748.0
BraTS2021_00767,1,left,0.033315841891645874,135,152,134,2749680,3488.7448190773775,1083.7657766193936,1115.0,7550.0
BraTS2021_00768,1,bilateral/midline,0.1823334951145136,137,179,140,3433220,3337.50920822977,973.335888476559,905.0,6498.0
BraTS2021_00772,2,left,0.0,137,176,143,3448016,3274.668100840336,1034.611119506371,1029.0,7556.0
BraTS2021_00773,4,right,0.8792185877466251,139,163,144,3262608,3966.839479429856,1255.2225458863718,1396.0,8792.0
BraTS2021_00774,1,right,0.9118711318802275,131,181,141,3343251,3374.4444488118306,858.8122624685752,1333.0,6449.350000000093
BraTS2021_00775,1,right,1.0,134,175,136,3189200,4279.906687530335,1359.2589758299114,1311.0,9578.0
BraTS2021_00777,2,right,1.0,139,163,145,3285265,2204.7361657069387,665.269923486497,744.0,4407.0
BraTS2021_00778,1,left,0.0,132,175,133,3072300,2557.317432562725,826.4264878402973,809.0,5543.0
BraTS2021_00780,1,left,0.0,137,175,154,3692150,404.93553165116816,74.37214209251421,205.1685028076172,659.6606640625
BraTS2021_00781,2,left,0.02026633505957909,150,170,138,3519000,445.10655164071403,122.23003459715179,177.8822491455078,889.2491796874999
BraTS2021_00782,1,right,1.0,145,179,148,3841340,388.78115345418746,88.08483057133708,151.49528701782225,645.2882019042969
BraTS2021_00784,1,left,0.1384604948859204,128,158,141,2851584,595.1134273430226,133.1572708062986,304.17334350585935,1161.3276660156248
BraTS2021_00787,2,left,0.0,130,170,153,3381300,596.4991244801707,140.3407749924964,292.3749694824219,1091.7104833984388
BraTS2021_00788,1,left,0.0,133,166,134,2958452,562.2687689067142,85.4738500746087,322.02906494140626,823.6216125488281
BraTS2021_00789,1,left,0.013960335583381429,134,154,150,3095400,336.994742242751,80.24613561571816,138.649747467041,627.2583178710936
BraTS2021_00791,1,left,0.0,131,175,152,3484600,664.9350002272412,118.89239090740013,349.18638305664064,1064.8024902343757
BraTS2021_00792,2,right,0.9974006580208267,139,173,154,3703238,528.1596411686965,96.08220765416537,306.9282962036133,877.3030169677754
BraTS2021_00793,1,right,0.9425042958611863,140,159,151,3361260,620.0284718470746,101.30971938666852,358.82651977539064,983.4423339843729
BraTS2021_00795,3,left,0.0,143,176,152,3825536,353.9252395975521,76.9681900812047,137.02930953979492,525.0957220458987
BraTS2021_00796,1,right,0.9768372599260787,142,161,139,3177818,357.72829052131914,97.52663002568629,135.02236846923827,688.6826647949241
BraTS2021_00797,6,right,0.9618800815018497,143,169,136,3286712,387.0646502623473,75.55275249731677,180.11555603027344,624.7952270507815
BraTS2021_00799,1,left,0.0001770224818551956,145,166,151,3634570,554.7352155026969,122.13954157013768,279.99577758789064,953.6252825927724
BraTS2021_00800,1,left,0.0,149,167,153,3807099,399.10240183717667,81.64072652998124,179.42709045410157,661.9821899414062
BraTS2021_00801,1,right,1.0,139,158,138,3030756,633.1194877119302,98.87806841021757,332.2588317871094,933.0807373046865
BraTS2021_00802,1,right,1.0,141,160,138,3113280,369.0220543593964,63.98009923227822,190.35766143798827,580.386016845703
BraTS2021_00803,1,left,0.0,138,166,148,3390384,373.1645208389023,104.04258436559986,132.50982299804687,720.2171289062501
BraTS2021_00804,2,right,0.983526436955127,131,167,150,3281550,397.4212969563174,89.0983745438096,152.20654617309572,723.1403167724621
BraTS2021_00805,9,right,0.8626260728668882,136,182,150,3712800,351.9666915622003,62.98966690273059,166.0939697265625,534.0064697265617
BraTS2021_00806,1,right,0.955426809667144,128,173,142,3144448,368.6581686253365,78.20132589819497,155.88626998901367,602.7608996582032
BraTS2021_00807,1,right,0.9963372514066069,143,166,149,3536962,550.3165069727401,108.08773211410909,279.60451171875,910.8720886230468
BraTS2021_00808,3,right,1.0,144,179,143,3685968,734.2682505741942,104.56168337916203,427.91864410400393,1054.8407751464827
BraTS2021_00809,1,left,2.7365321569893766e-05,148,170,141,3547560,698.2750441493241,132.37922513198532,373.22438842773437,1191.9951684570303
BraTS2021_00810,16,right,0.9992270954099676,134,162,155,3364740,380.0158949080073,77.56059414235584,174.63188339233398,651.1819586181638
BraTS2021_00811,1,left,0.03439411550110716,140,159,152,3383520,371.18375670228704,75.95314045234882,157.84975402832032,595.4894384765627
BraTS2021_00814,1,left,0.0,135,164,150,3321000,384.96897237332297,76.1496313308324,195.8951121520996,664.7589715576177
BraTS2021_00816,2,left,0.00010687814288538922,132,170,150,3366000,392.23812824420065,70.77155970455027,201.97977142333986,653.1020446777342
BraTS2021_00818,1,right,1.0,147,167,151,3706899,611.1961971251235,126.24420590418327,315.5004516601563,1104.2230224609377
BraTS2021_00819,1,right,0.9961945385355246,137,182,151,3765034,581.730621635443,115.38677203913439,257.05997283935545,983.0689837646464
BraTS2021_00820,1,right,0.9812310030395137,137,180,139,3427740,451.9244134559415,138.58721465525477,152.7029751586914,877.5536206054658
BraTS2021_00823,1,right,1.0,148,176,137,3568576,500.4386424516826,87.49477288833228,266.6024645996094,735.0993383789062
BraTS2021_00824,1,bilateral/midline,0.816825797153666,129,178,148,3398376,353.55453068286596,76.8733937844072,128.2276303100586,572.3267443847653
BraTS2021_00828,1,bilateral/midline,0.7283219828951536,137,163,147,3282657,324.104788013168,98.09999746858793,86.77209548950195,591.0017425537101
BraTS2021_00830,3,left,0.049636525586874695,139,158,151,3316262,367.2160707727621,69.02439377715311,173.4701791381836,555.0685131835937
BraTS2021_00831,12,left,0.0,140,173,136,3293920,318.48469564034014,157.68935996085523,54.0,667.0
BraTS2021_00834,5,left,0.0,130,170,142,3138200,433.84436128683257,161.21613095730046,134.0,1091.0
BraTS2021_00836,3,left,0.0,137,182,147,3665298,236.1506405535809,45.5560524602476,112.0,387.0
BraTS2021_00837,5,left,0.0,132,166,140,3067680,377.0404864305901,135.82053212832326,72.0,905.0
BraTS2021_00838,2,right,0.94157254050495,135,168,137,3107160,406.4070447043534,113.9375446952109,156.0,872.0
BraTS2021_00839,2,right,1.0,131,167,140,3062780,404.139076855136,121.20274643722037,139.0,941.0
BraTS2021_00840,1,left,0.11425604167353533,136,174,137,3241968,391.60165767570635,135.98293352750764,143.0,1007.0
BraTS2021_00999,16,right,0.8705680778734965,138,152,139,2915664,2951.70422049464,722.1779427419979,962.0,4424.0
BraTS2021_01000,1,left,0.0,153,192,142,4171392,375.1773247604439,130.1570564359582,116.0,885.0
BraTS2021_01001,3,left,0.0489048147774301,127,183,141,3276981,413.3124431718283,150.99070421899117,91.0,952.0
BraTS2021_01002,12,left,0.0,140,165,136,3141600,331.72345937082525,71.81088656601278,152.0,626.6699999999255
BraTS2021_01003,8,bilateral/midline,0.2588958783212844,133,163,144,3121776,298.89729868454367,46.379062818041675,140.0,410.0
BraTS2021_01004,7,left,0.0,133,169,134,3011918,418.99634693711334,173.4223261738013,124.0,1152.0
BraTS2021_01005,10,bilateral/midline,0.8470762522361359,148,153,132,2989008,328.5030363813085,66.5414868298673,151.0,553.0
BraTS2021_01007,3,left,0.0,141,171,137,3303207,3343.962552055739,877.2021507067849,1156.0,6144.0
BraTS2021_01008,5,right,0.9962532606118093,132,166,136,2980032,417.0465071957492,128.2747480655879,142.0,947.0
BraTS2021_01009,7,right,0.9842712923197056,135,169,139,3171285,3133.46220015306,656.886079619616,1261.0,4586.0
BraTS2021_01010,1,left,0.0,148,154,139,3168088,410.5312115677463,145.97323618330392,134.0,1042.0
BraTS2021_01011,2,left,0.0,128,170,138,3002880,1785.5034013360073,514.6473448888968,550.0,4108.0
BraTS2021_01012,2,left,0.14885574983721633,140,179,140,3508400,1840.0018907156493,481.9965162950871,672.0,3496.0
BraTS2021_01013,1,left,0.01601719595063098,138,172,137,3251832,3024.49183150109,750.1560533989726,1305.0,5552.0
BraTS2021_01014,1,left,0.0,129,168,136,2947392,1314.8383673141257,303.5185640681562,547.0,2204.0
BraTS2021_01015,1,left,0.014263435194942045,136,163,135,2992680,698.3769493797403,202.24282645908895,189.0,1511.0
BraTS2021_01016,1,left,0.0,144,164,138,3259008,1436.018989706324,371.8399423159359,600.0,2672.0
BraTS2021_01017,1,right,0.9870488689345536,136,171,137,3186072,1977.6838527391883,445.4491730034172,860.0,3988.0
BraTS2021_01018,1,right,1.0,136,170,140,3236800,724.2252238869461,177.432902085258,234.0,1335.0
BraTS2021_01019,2,left,0.03939395818733216,148,177,145,3798420,1491.670219545338,362.34674798548986,625.0,2582.0
BraTS2021_01020,1,left,0.0,140,170,137,3260600,380.0773137597037,77.47304510280672,135.0,633.0
BraTS2021_01021,1,right,1.0,146,168,137,3360336,1535.9028418346193,416.8451005304363,621.0,3055.0
BraTS2021_01022,1,right,1.0,138,162,140,3129840,314.55686387568517,54.01863985056608,149.0,489.0
BraTS2021_01023,1,right,1.0,144,164,135,3188160,306.8860859327107,67.99925555891782,148.0,546.0
BraTS2021_01024,2,left,0.0,144,168,134,3241728,413.20607971457906,83.29125565119526,179.0,633.0
BraTS2021_01025,1,left,0.0026810801535722714,140,153,138,2955960,612.6540775417078,109.90857412671342,309.0,905.0
BraTS2021_01026,2,left,0.017138651150546125,140,177,142,3518760,355.4712923114054,104.14081054118164,108.0,732.0
BraTS2021_01027,6,left,0.023536174010376488,137,178,141,3438426,2343.539702633604,804.9204236474619,629.0,5540.0
BraTS2021_01028,3,left,0.0,138,162,140,3129840,1942.343191652578,815.033526094788,576.0,5379.0
BraTS2021_01029,1,left,0.08971659267406146,143,186,140,3723720,556.8611537388601,119.78183909038542,236.0,976.0
BraTS2021_01030,3,right,0.9999387573873901,136,160,133,2894080,612.6481454122525,95.85270262521998,324.0642852783203,923.9642547607406
BraTS2021_01031,2,right,1.0,137,174,139,3313482,564.1658624128692,130.53016104508563,242.90086486816406,851.7301708984376
BraTS2021_01032,1,left,0.00014190527178084667,133,176,143,3347344,749.7983639895419,142.41639201447376,335.9641430664063,1149.3859375000002
BraTS2021_01033,1,right,1.0,137,177,138,3346362,1329.777516025434,316.86244837787365,326.0,2175.0
BraTS2021_01034,1,right,1.0,127,173,140,3075940,408.107837633926,123.35322307655191,120.0,810.0
BraTS2021_01035,1,bilateral/midline,0.5930574098798398,140,156,143,3123120,2888.710183658709,969.7682996457733,721.0,7053.0
BraTS2021_01036,4,left,0.0,137,158,139,3008794,348.43313075222835,134.10578301909123,107.0,938.4799999999814
BraTS2021_01037,2,right,0.9882205241866737,137,190,140,3644200,383.58041866293877,105.45202541389915,135.0,779.0
BraTS2021_01038,4,left,0.008909456843616598,132,171,137,3092364,372.1716893510434,110.39335747440333,108.0,773.0
BraTS2021_01039,1,right,1.0,132,177,137,3200868,373.69731337147067,110.22434547964113,113.0,749.0
BraTS2021_01040,1,right,1.0,137,184,140,3529120,464.2204439316488,159.3772817962571,140.0,1085.0
BraTS2021_01041,18,right,0.9824881669417693,138,176,144,3497472,489.409878786151,144.14246619267172,130.0,1082.0
BraTS2021_01042,1,right,0.9970454634197135,129,166,141,3019374,376.48294972125365,120.86603318203528,121.0,883.0
BraTS2021_01043,3,left,0.0,136,154,139,2911216,368.59194970630784,120.73113155373768,122.0,872.0
BraTS2021_01044,6,right,0.9999678089137118,136,168,139,3175872,327.21832325945826,109.94490900818215,110.0,725.0
BraTS2021_01045,1,bilateral/midline,0.16889011009834948,133,183,142,3456138,373.75184453683534,116.30489122205638,109.0,810.0
BraTS2021_01046,1,left,0.0151677036850816,135,177,144,3440880,407.38848900585003,134.75153469575875,145.0,969.0
BraTS2021_01047,9,left,0.0027064070185691524,138,172,144,3417984,392.1282980498311,122.67897547551553,147.0,910.0
BraTS2021_01048,4,left,0.06042476817230033,136,187,138,3509616,386.8842946937694,148.29691808779867,118.0,983.0
BraTS2021_01049,13,right,0.9251817237798546,138,176,145,3521760,395.2759877243304,121.59672644229978,138.0,885.0
BraTS2021_01050,3,left,0.07593899118826664,136,172,140,3274880,489.7254082028158,167.27233027686782,143.0,1117.0
BraTS2021_01051,10,right,1.0,139,168,139,3245928,405.442651620669,131.36493565907136,155.0,984.0
BraTS2021_01052,1,bilateral/midline,0.31933924334627184,131,184,141,3398664,369.04817093591436,135.48760536476308,117.0,999.0
BraTS2021_01053,8,right,0.9717256018774886,135,168,139,3152520,414.90588405147304,124.67150590591314,145.0,823.0
BraTS2021_01054,3,left,0.005758807588075881,133,172,134,3065384,321.6933099446807,92.66421906660376,79.0,484.0
BraTS2021_01055,1,left,0.013481377002935726,135,161,140,3042900,506.5346093988206,199.60599752683984,150.0,1482.0
BraTS2021_01056,5,left,0.052054090184585323,132,170,138,3096720,494.7839071838677,142.82527422805208,165.0,989.0
BraTS2021_01057,4,left,0.07159252095422308,130,164,139,2963480,375.7732733696901,122.16260155823484,125.0,898.0
BraTS2021_01058,2,right,1.0,131,176,145,3343120,382.49557150755396,130.45733917927484,127.0,935.0
BraTS2021_01059,3,right,0.9569793074024034,138,176,139,3376032,377.09296615792965,131.078001326209,124.0,933.0
BraTS2021_01060,4,right,1.0,127,170,139,3001010,411.29868813074614,124.82514357989375,139.0,940.0
BraTS2021_01061,2,right,0.9807252035877598,130,172,141,3152760,428.69294886600494,156.9041090305175,125.0,1138.0
BraTS2021_01062,1,right,0.9201019787690752,139,161,138,3088302,377.05829201557765,132.42012289664896,131.0,996.0
BraTS2021_01063,1,right,0.9998210498060496,133,170,143,3233230,466.16622461125394,148.0448632725713,149.0,1050.0
BraTS2021_01064,13,left,2.9834715675159617e-05,144,174,139,3482784,358.7087015027535,106.67436742317275,123.0,759.0
BraTS2021_01065,1,right,0.999453891972212,147,158,138,3205188,369.2730662919545,101.2887406923312,115.0,708.1699999999255
BraTS2021_01066,7,right,0.9159924915397631,137,167,139,3180181,393.47122192570447,126.04238605973089,135.0,929.0
BraTS2021_01067,4,bilateral/midline,0.26903807615230463,137,165,143,3232515,360.9528039837512,137.203420951294,106.0,927.0
BraTS2021_01068,3,left,0.0,148,178,143,3767192,403.7361038659943,114.76852320074148,124.0,867.0
BraTS2021_01069,1,left,0.0,137,180,145,3575700,446.09751989928424,133.52994227095667,147.0,953.0
BraTS2021_01070,8,bilateral/midline,0.4760858497896627,144,181,141,3675024,375.93561480756495,132.95654758780174,130.0,902.0
BraTS2021_01071,4,left,0.029730524072815446,141,168,141,3340008,498.27003141418527,149.30048806276696,171.0,1176.0
BraTS2021_01072,2,left,0.08172180491183208,122,167,138,2811612,455.7381372426549,158.22061973939492,92.0,1017.0
BraTS2021_01073,2,left,0.0237421079474508,134,176,141,3325344,389.02867683837724,143.81879059203087,129.0,1053.0
BraTS2021_01074,1,left,0.010747389170825818,140,162,141,3197880,510.905921951735,175.65034609300565,162.0,1242.0
BraTS2021_01075,2,bilateral/midline,0.23992608911946556,126,168,140,2963520,370.64734033150415,110.23396863659652,112.0,805.0
BraTS2021_01076,1,left,0.0,133,175,142,3305050,288.49618284037194,105.23342223124727,90.0,774.0
BraTS2021_01077,1,right,1.0,130,179,139,3234530,478.24231093444814,143.60748450792516,133.0,922.0
BraTS2021_01078,1,right,0.9261988696313624,125,168,141,2961000,402.2354725248578,118.89549864304136,135.0,844.0
BraTS2021_01079,8,left,1.326019598569667e-05,144,175,145,3654000,402.77771942374386,145.41765898932263,122.0,925.0
BraTS2021_01080,8,left,0.0,135,170,143,3281850,410.22082807721534,178.22771183489354,127.0,1252.0
BraTS2021_01081,1,left,0.014771860757922363,137,184,138,3478704,349.8362313476667,124.4458904863369,120.0,925.0
BraTS2021_01082,2,left,0.0,138,163,144,3239136,379.0908702165661,156.2686846922631,115.0,1089.0
BraTS2021_01083,1,right,1.0,132,164,145,3138960,303.86197039168684,112.00184472457751,71.0,699.0
BraTS2021_01084,1,left,0.14520832862342595,134,182,137,3341156,366.9449602626056,131.46339813608307,90.0,850.0
BraTS2021_01085,2,left,0.11807174985019024,131,171,139,3113739,409.6028921063442,162.57054776596328,135.0,1182.0
BraTS2021_01086,1,left,0.004950307020320314,143,183,144,3768336,411.956389220658,128.0146243481818,124.0,830.0
BraTS2021_01087,1,left,0.001193673530289466,133,178,144,3409056,406.66796183349896,113.0022030629779,143.0,878.0
BraTS2021_01088,1,left,0.0,138,175,140,3381000,390.77929043672594,104.14057857345718,131.0,721.0
BraTS2021_01089,2,right,0.9531377940727161,136,169,142,3263728,443.93953704692757,145.02540758217367,143.0,1091.0
BraTS2021_01090,3,left,0.0,143,163,137,3193333,341.28373193112117,126.00545956636057,98.0,788.0
BraTS2021_01091,1,right,0.9998527245949926,130,170,139,3071900,494.2728084534345,144.96904228494344,149.0,1015.0
BraTS2021_01092,1,left,0.026875730504500935,129,161,139,2886891,192.2690341813227,72.33183813140013,55.0,525.0
BraTS2021_01093,1,left,0.0009153693673219449,138,169,143,3335046,318.71231602109225,65.0004888658942,159.0,630.0
BraTS2021_01094,1,left,0.0023401896785318387,157,181,146,4148882,437.31782781358896,183.59437008287549,90.0,894.0
BraTS2021_01095,2,left,0.0010608082674605618,140,169,139,3288740,358.7590848939302,141.72480940287662,132.0,1009.0
BraTS2021_01096,1,left,0.0019092167438308433,138,172,142,3370512,293.85267610756114,132.6827908447961,83.0,766.0
BraTS2021_01097,3,bilateral/midline,0.3947479881406184,136,182,140,3465280,392.97971697364875,111.69920877531956,149.0,866.0
BraTS2021_01098,12,left,0.001772972972972973,138,180,142,3527280,338.39089611827916,114.05537894260007,74.0,658.0
BraTS2021_01099,10,right,0.9999864906853275,134,180,141,3400920,377.25471188651227,137.75487037077056,124.0,977.0
BraTS2021_01100,2,left,0.0,137,187,145,3714755,427.0987709657213,153.26622697439748,138.0,1143.0
BraTS2021_01101,1,left,0.05269450422345673,139,167,140,3249820,270.7365974409012,85.71977457461608,93.0,657.0
BraTS2021_01102,2,right,1.0,147,165,137,3322935,356.62317249612,120.71387476659018,99.0,740.0
BraTS2021_01103,3,right,1.0,149,164,140,3421040,232.27945358012386,57.04884309029187,73.0,324.0
BraTS2021_01104,29,right,0.9971140838719375,129,172,138,3061944,367.5200561577987,161.47251697408865,107.0,1061.0
BraTS2021_01105,2,left,0.0,148,167,138,3410808,391.48740312476394,142.16017231222324,124.0,1012.0
BraTS2021_01106,5,left,0.00023273253859481266,141,189,141,3757509,329.3950629421152,157.51659275119286,78.0,904.0
BraTS2021_01107,1,left,0.0,141,186,146,3828996,382.4904090384064,74.80416196787816,209.0,640.0
BraTS2021_01108,1,right,1.0,133,161,130,2783690,298.3876631303001,111.55348187111775,93.0,725.0
BraTS2021_01109,1,bilateral/midline,0.5186429402960253,141,164,143,3306732,382.62536404735096,115.20228289235526,135.0,800.0
BraTS2021_01110,13,bilateral/midline,0.39676899753647904,139,159,136,3005736,454.39365386048917,121.26938464754363,146.0,767.0
BraTS2021_01111,2,left,0.015049814058124052,139,180,140,3502800,416.7058867266701,83.53729933468136,200.0,673.0
BraTS2021_01112,1,bilateral/midline,0.8398347784286146,133,173,152,3497368,247.4763052056458,64.7717611193835,69.0,448.0
BraTS2021_01113,6,right,1.0,137,163,140,3126340,320.9737038047928,81.11163001335625,113.0,519.0
BraTS2021_01114,1,left,0.0,126,171,140,3016440,417.4688693549246,164.44221185989085,123.0,1177.0
BraTS2021_01115,6,left,0.0,136,162,136,2996352,377.66688161346076,164.17647724849618,108.0,1123.0
BraTS2021_01116,1,right,1.0,133,177,136,3201576,231.27851768322654,85.12626189188505,56.0,557.0
BraTS2021_01117,2,right,1.0,142,185,138,3625260,399.25885391783817,145.5028222767208,123.0,1078.0
BraTS2021_01118,2,left,0.0,133,181,137,3298001,385.1925485035127,118.53172744641977,144.0,915.0
BraTS2021_01119,1,left,0.12291012972416054,134,169,131,2966626,381.30077876686977,99.4843828772361,156.0,757.0
BraTS2021_01120,8,left,0.015148389642770658,132,163,138,2969208,345.81128013975166,131.134164532363,113.0,891.0
BraTS2021_01121,3,right,1.0,145,173,143,3587155,406.6618247351307,151.1804452472414,130.0,1078.0
BraTS2021_01122,2,right,0.9353221358736525,142,154,146,3192728,365.1353267278621,124.6972883143037,131.0,886.0
BraTS2021_01123,3,left,0.0,140,159,137,3049620,201.3807329981066,61.14385079444977,56.0,324.0
BraTS2021_01124,3,left,0.10189883590108603,134,184,138,3402528,534.0830592944365,167.53546887696862,164.0,1133.0
BraTS2021_01125,1,right,1.0,141,179,140,3533460,374.9174658611086,161.60025837979836,96.0,1064.0
BraTS2021_01126,1,right,1.0,148,173,137,3507748,220.8093010393809,75.74930143568471,56.0,464.0
BraTS2021_01127,1,left,0.0,136,170,142,3283040,381.7146671762262,148.42977758785247,112.0,978.0
BraTS2021_01128,2,right,0.9681426493080165,138,161,134,2977212,453.5410055330183,160.28528331717035,171.0,1240.0
BraTS2021_01129,1,left,0.0,139,183,139,3535743,226.9597537914225,71.69975966127484,70.0,447.0
BraTS2021_01130,1,bilateral/midline,0.8196976780426991,143,162,141,3266406,458.05747848253395,176.71290636006717,134.0,1287.0
BraTS2021_01131,1,right,1.0,145,156,132,2985840,378.45886704968177,115.89954272764476,149.0,869.0
BraTS2021_01132,1,right,1.0,123,163,133,2666517,405.49709709522074,137.23186453127565,138.0,991.0
BraTS2021_01133,2,left,0.0,142,174,138,3409704,376.8585845112349,116.6947516269498,128.0,860.0
BraTS2021_01134,1,right,1.0,130,165,142,3045900,384.80688967878376,124.95418857167469,142.0,919.0
BraTS2021_01135,3,right,0.8744270505367053,139,170,141,3331830,410.7866466994447,126.37622757147504,141.0,957.0
BraTS2021_01136,2,left,0.07199217811931799,145,180,145,3784500,257.5768741130869,96.52489481196498,55.0,591.0
BraTS2021_01137,1,bilateral/midline,0.7175271705027484,128,157,139,2793344,197.73910075130763,52.90909721119196,50.0,307.0
BraTS2021_01138,13,bilateral/midline,0.8097542786830232,139,168,139,3245928,430.43223154852836,147.6839536798607,151.0,1087.0
BraTS2021_01139,2,right,0.9540604559184649,134,160,137,2937280,529.7916167440748,97.37484954603647,252.0,814.0
BraTS2021_01140,9,left,0.044453109767985964,134,167,139,3110542,856.818081070023,236.40708473313032,191.0,1495.0
BraTS2021_01141,2,left,0.01165344878229442,142,166,132,3111504,525.6811338965545,114.33362008454083,149.0,923.0
BraTS2021_01142,4,left,0.0,144,164,135,3188160,670.887520686306,141.4567352067766,388.0,1219.0
BraTS2021_01143,8,right,1.0,121,180,146,3179880,496.3263926958583,146.17133234824664,229.0,976.0
BraTS2021_01144,2,right,1.0,140,176,135,3326400,918.2488913407615,182.26161855682517,398.0,1338.0
BraTS2021_01145,1,bilateral/midline,0.8341127967800284,134,167,135,3021030,898.4838634849639,135.95825176044826,552.0,1249.0
BraTS2021_01146,3,right,0.952486715724894,129,157,129,2612637,832.1281847997085,149.65589460680903,404.0,1188.0
BraTS2021_01147,4,right,0.9968881412952061,138,176,129,3133152,59.46630963814956,19.45802534173807,13.0,127.0
BraTS2021_01148,1,right,1.0,130,178,140,3239600,300.037662896166,53.19516534732884,147.0,493.0
BraTS2021_01149,2,right,0.9999532993975623,132,170,137,3074280,355.5702242678837,69.21650556369832,177.0,566.0
BraTS2021_01150,1,bilateral/midline,0.15135622557809308,133,182,138,3340428,117.44852697327262,22.741121835794345,55.0,205.0
BraTS2021_01151,3,bilateral/midline,0.18688302801003673,128,165,127,2682240,850.6964034930296,199.94898832163094,285.0,1336.0
BraTS2021_01152,1,right,1.0,132,164,133,2879184,855.6241106239721,203.25564587858608,266.0,1201.0
BraTS2021_01153,4,right,0.9546054901774134,146,173,143,3611894,3393.4645884500396,989.1740311010772,1319.0,7400.0
BraTS2021_01154,5,left,0.05083495406076051,130,171,127,2823210,3103.775496243997,1100.5053043406908,913.0,7874.0
BraTS2021_01155,1,right,0.9715667989653263,135,183,138,3409290,2165.604536639437,1004.4724008905017,493.0,6110.0
BraTS2021_01156,2,left,0.0,133,170,138,3120180,2232.001185489194,984.9620891811738,563.0,6953.0
BraTS2021_01157,1,right,0.9667346157612228,129,186,146,3503124,1867.8181019779224,570.4658367812958,339.0,3684.0
BraTS2021_01158,1,right,1.0,134,174,141,3287556,2955.4803699052877,1168.8223320744034,884.0,7351.0
BraTS2021_01159,3,left,0.10221240652485566,128,172,138,3038208,2380.4079142549344,761.3155484202293,803.0,5004.0
BraTS2021_01160,4,right,0.9941041365756635,145,181,142,3726790,4138.7879323984735,1185.434465922822,1621.0,8602.0
BraTS2021_01161,1,right,0.9996543537780042,126,169,141,3002454,3197.598912981015,1025.425462037904,989.0,7131.0
BraTS2021_01162,1,left,0.0,136,170,144,3329280,172.48617234752297,41.92492722774242,62.31014343261719,270.0958142089841
BraTS2021_01163,1,left,0.09990987868284229,136,185,133,3346280,421199.5515665418,184052.41957695552,43627.85875,1101665.885000001
BraTS2021_01164,1,bilateral/midline,0.33309507686905926,135,169,136,3102840,295.59647640503556,100.02624265032071,55.0,650.0
BraTS2021_01165,4,bilateral/midline,0.33137290176162076,140,185,132,3418800,482.02119801846504,182.1311364290303,116.0,1184.0
BraTS2021_01166,3,bilateral/midline,0.8034537389100127,140,162,132,2993760,3887.81758358318,1110.0961938972705,1688.0,8845.699999999953
BraTS2021_01167,1,left,0.0,126,166,135,2823660,804.9949187180822,208.35297618924054,260.0,1141.0
BraTS2021_01168,3,left,0.0,117,134,110,1724580,1012.1039779641626,216.9393231893339,419.0,1660.0
BraTS2021_01169,2,bilateral/midline,0.82896519271628,126,160,128,2580480,931.0547305009991,149.50785752505854,455.0,1170.0
BraTS2021_01170,1,bilateral/midline,0.5515645939098708,130,171,135,3001050,786.9046643068643,175.0838399162292,279.0,1133.0
BraTS2021_01171,6,right,1.0,142,168,126,3005856,984.6289966798328,242.6831402645886,368.0,1839.0
BraTS2021_01172,6,left,0.00034995625546806647,131,183,133,3188409,759.176563152396,170.90141385835668,276.0,1199.0
BraTS2021_01173,1,left,0.0,130,174,130,2940600,735.3364798144224,135.22297791514876,306.0,963.0
BraTS2021_01174,1,left,0.01387483572334066,127,173,134,2944114,757.673173706959,188.55501572300574,259.0,1300.0
BraTS2021_01175,2,bilateral/midline,0.3418709979697017,128,155,134,2658560,920.0410355986079,338.00356704167655,301.0,2402.0
BraTS2021_01176,1,bilateral/midline,0.17308208875040293,128,163,129,2691456,854.7731274765094,164.54486153704605,364.0,1179.0
BraTS2021_01177,2,bilateral/midline,0.18372600193057095,126,163,128,2628864,848.2248407487647,225.1345783543115,293.0,1733.0
BraTS2021_01178,1,right,1.0,136,164,136,3033344,738.2932131881727,188.4936041763777,211.0,1148.0
BraTS2021_01179,3,left,0.0,140,166,133,3090920,765.2714547821187,188.5173094128542,258.0,1084.0
BraTS2021_01180,1,right,1.0,121,173,126,2637558,816.3746372175,159.0179239291039,311.0,1062.0
BraTS2021_01181,1,left,0.0,128,164,130,2728960,747.1676802709337,174.17017439974256,268.0,1289.0
BraTS2021_01182,3,bilateral/midline,0.7220578399636159,128,173,126,2790144,856.9844365013433,169.34283091662033,330.0,1190.0
BraTS2021_01183,1,bilateral/midline,0.8433654618473896,123,156,130,2494440,854.9110279569273,204.7200320277524,256.0,1355.0
BraTS2021_01184,5,right,1.0,123,153,126,2371194,853.0538293890829,186.8083422560993,340.0,1459.0
BraTS2021_01185,3,right,1.0,128,171,127,2779776,792.6013360795646,173.45712298189625,248.0,1235.0
BraTS2021_01186,1,right,1.0,118,151,125,2227250,850.6220254057214,189.21785680374913,290.0,1205.9099999999162
BraTS2021_01187,1,left,0.004500254046599404,119,165,126,2474010,864.8275274827153,170.24568375119756,318.0,1214.0
BraTS2021_01188,1,right,0.9997967686210751,130,156,127,2575560,884.5401810951947,138.10818901122892,465.0,1182.0
BraTS2021_01189,1,right,1.0,128,173,130,2878720,831.8081447720659,170.95565302883338,324.0,1204.0
BraTS2021_01190,3,right,0.9992460622032644,136,182,130,3217760,866.9221500403361,195.81301203061327,292.0,1543.0
BraTS2021_01191,1,right,1.0,130,174,130,2940600,857.9585016559114,150.47936197908766,386.0,1204.0
BraTS2021_01192,2,right,0.9553701230394648,131,151,131,2591311,915.0013918259373,150.83930726502,425.0,1297.0
BraTS2021_01193,1,left,0.0,134,162,134,2908872,2309.9592372373468,542.6314788727525,887.0,3926.0
BraTS2021_01194,1,left,0.041241127977546255,130,179,137,3187990,4454.942792920013,1204.0861081369883,1498.0,7385.0
BraTS2021_01195,1,right,1.0,127,166,134,2824988,2456.7184023266677,704.262277718336,846.0,4980.0
BraTS2021_01196,1,left,0.0,126,172,136,2947392,2431.4519230155347,676.315835066738,797.0,4154.139999999898
BraTS2021_01197,1,left,0.0005487881677672419,130,161,130,2720900,2757.1688362714367,849.6884437115301,1071.0,6485.0
BraTS2021_01198,3,right,1.0,124,169,133,2787148,2525.894993034095,685.843965269964,958.0,4832.0
BraTS2021_01199,1,left,0.0005329922183136127,132,172,137,3110448,2094.4352955601844,541.1215537517786,679.0,3572.0
BraTS2021_01200,1,left,0.00046482043252764457,123,159,130,2542410,2035.6937436870192,508.10828352604887,791.0,3702.0
BraTS2021_01201,1,right,0.8769515718269028,136,163,136,3014848,2207.3932291207466,543.9101432872689,961.0,4407.0
BraTS2021_01202,8,right,0.9234405294864114,137,173,135,3199635,417.3292381700592,109.19300329952839,161.0,778.0
BraTS2021_01203,3,right,1.0,134,187,140,3508120,444.8883366532441,115.30651148150334,178.0,897.0
BraTS2021_01204,2,left,0.0,129,163,135,2838645,424.81848515605174,114.53200089424561,151.0,795.0
BraTS2021_01205,2,left,0.0043709875700040975,133,175,140,3258500,380.9746571537362,116.80064733344804,137.0,845.0
BraTS2021_01206,2,left,0.021848739495798318,133,177,141,3319281,390.0609051121533,94.94383713792944,135.0,660.0
BraTS2021_01207,9,left,0.0,139,170,138,3260940,334.9125687859627,97.98002137886128,110.0,685.0
BraTS2021_01208,2,right,1.0,140,179,138,3458280,478.95962544154514,147.94087330147488,171.0,1013.0
BraTS2021_01209,31,right,0.9970179252187401,130,170,144,3182400,380.6009482056467,100.79322481629848,141.0,687.0
BraTS2021_01210,8,right,1.0,130,171,141,3134430,409.5770821293513,101.70665543078991,171.0,764.0
BraTS2021_01211,2,left,0.0,152,160,142,3453440,395.2190588897369,129.91114410130177,121.0,955.0
BraTS2021_01212,3,left,0.0,138,178,143,3512652,432.0903948725569,136.5798718690807,132.0,894.0
BraTS2021_01213,2,left,0.08733464252573427,145,164,140,3329200,372.6634071782406,97.4722700719993,131.0,690.0
BraTS2021_01214,2,right,1.0,141,179,143,3609177,423.50480721411736,107.14706902462886,149.0,787.0
BraTS2021_01215,2,left,0.0,144,176,141,3573504,417.6395952926247,117.99501457050143,147.0,841.0
BraTS2021_01216,1,right,1.0,133,176,140,3277120,445.8784904953519,135.66130489925908,172.0,1042.0
BraTS2021_01217,2,left,0.0,140,177,141,3493980,398.2172958606722,109.61727696625502,141.0,853.0
BraTS2021_01218,1,bilateral/midline,0.7037767631543952,137,167,136,3111544,374.5236498924417,114.71985664762721,129.0,785.0
BraTS2021_01219,5,bilateral/midline,0.5285560840877704,134,181,143,3468322,440.9663149501725,139.9742383209274,132.0,936.0
BraTS2021_01220,2,right,0.9846221029975982,129,171,140,3088260,455.94095658293253,157.56582674682255,155.0,1204.0
BraTS2021_01221,9,right,1.0,140,180,139,3502800,388.3112070039484,100.06259674692775,139.0,707.0
BraTS2021_01222,15,right,0.8561235010038526,133,157,136,2839816,402.5481293215568,108.5876400989722,146.0,794.0
BraTS2021_01223,5,left,0.10810652103702399,132,187,143,3529812,412.37313758783523,123.6673446069259,155.0,977.0
BraTS2021_01224,6,left,2.4316700710047662e-05,127,168,147,3136392,396.78476098458634,127.35892038235333,132.0,894.0
BraTS2021_01225,6,left,0.026112069311299186,140,169,134,3170440,384.1971321481094,126.64772355336653,135.0,894.0
BraTS2021_01226,17,left,0.0,138,170,144,3378240,478.79852373667745,161.46222671416845,148.0,1202.0
BraTS2021_01227,5,left,0.011492844206598853,131,160,139,2913440,426.2671971504743,143.47457727480457,142.0,1018.0
BraTS2021_01228,1,right,0.9797528485533004,141,184,142,3684048,418.58539990635023,113.15553430373289,152.0,872.0
BraTS2021_01229,2,left,3.0008402352658743e-05,134,172,142,3272816,363.4574227596653,97.44515594351851,134.0,698.0
BraTS2021_01230,7,left,0.0,144,179,142,3660192,305.6885180494871,100.48735480607068,98.0,535.0
BraTS2021_01231,1,right,1.0,132,161,138,2932776,324.4944282571976,98.62634250302509,109.0,654.0
BraTS2021_01232,20,right,0.8860563112432314,132,182,140,3363360,409.09164912597385,105.85346581412784,153.0,812.0
BraTS2021_01233,2,left,0.044299101690465595,140,177,145,3593100,369.23434251005955,104.76490776119037,124.0,653.0
BraTS2021_01234,2,left,0.00011320754716981132,129,172,143,3172884,317.72051908943297,89.59761740416391,115.0,556.0
BraTS2021_01235,1,right,1.0,133,167,140,3109540,332.2428992076033,114.44227133230461,118.0,791.0
BraTS2021_01236,1,left,0.003974970788332806,128,162,144,2985984,347.5997775694845,80.21057494671174,136.0,561.0
BraTS2021_01237,21,right,0.9830489120091354,148,167,130,3213080,418.84036028953574,141.21649525513197,131.0,909.0
BraTS2021_01238,6,right,1.0,130,172,139,3108040,364.41066633688735,132.29151259416687,114.0,849.0
BraTS2021_01239,6,left,0.0,125,167,147,3068625,359.0374000694602,101.59076559375407,145.0,793.0
BraTS2021_01240,6,left,8.254911672445105e-05,133,174,143,3309306,354.36366789872505,112.75442926062189,128.0,930.0
BraTS2021_01241,9,bilateral/midline,0.42453384784673126,139,178,146,3612332,363.44426342510474,121.14327150153598,107.0,860.0
BraTS2021_01242,1,right,1.0,127,169,140,3004820,403.14760763204634,158.6528941670895,126.0,1123.0
BraTS2021_01243,2,right,0.9884943284444766,122,162,136,2687904,424.82947588701654,152.42049525401066,142.0,1043.0
BraTS2021_01244,1,left,0.014319887635517711,126,157,134,2650788,362.64889505750654,93.49305917858486,149.0,661.0
BraTS2021_01245,10,left,1.0911550967854571e-05,137,174,143,3408834,315.942132770873,94.73897561088094,99.0,574.0
BraTS2021_01246,4,bilateral/midline,0.6785232441600494,153,176,143,3850704,489.82583388986706,145.9118359403706,139.0,1004.0
BraTS2021_01247,6,left,0.0,131,173,136,3082168,363.71501363166306,100.93520903212523,126.0,728.0
BraTS2021_01248,1,left,0.0,128,168,138,2967552,362.51889726047597,98.86719295931464,124.0,716.0
BraTS2021_01249,7,right,0.9183751676566392,133,176,137,3206896,463.1406605081989,147.15120933203616,153.0,1016.0
BraTS2021_01250,2,right,0.9951661539860288,132,169,136,3033888,443.90449159953255,142.97159662147266,132.0,980.0
BraTS2021_01251,2,right,0.9422086511130499,127,160,146,2966720,363.63337256140727,109.00721154645781,135.0,821.0
BraTS2021_01252,3,left,0.002303291477821532,138,174,141,3385692,382.03215318677496,103.72839200935518,133.0,734.0
BraTS2021_01253,14,right,0.9998851954286907,124,167,137,2836996,390.18215955368066,115.77666187570003,134.0,854.0
BraTS2021_01254,4,right,1.0,130,161,136,2846480,367.45304037377065,127.10715956603187,117.0,811.0
BraTS2021_01255,3,left,0.0,139,173,139,3342533,405.6134730949866,131.1385638455989,137.0,1000.0
BraTS2021_01256,1,right,1.0,139,158,139,3052718,357.7509527209163,121.35940771202004,107.0,852.0
BraTS2021_01257,7,left,0.0,140,166,137,3183880,421.2456043489021,105.77201196934634,149.0,704.0
BraTS2021_01258,5,right,1.0,139,174,137,3313482,383.73416406068634,97.98220859437566,144.0,721.0
BraTS2021_01259,3,left,0.0,145,167,139,3365885,364.68475283922703,126.67077645511975,115.0,869.0
BraTS2021_01260,2,left,0.006903950040228344,140,172,145,3491600,326.7186713103603,87.76206537796897,120.0,639.0
BraTS2021_01261,2,left,0.084231859275796,135,178,141,3388230,402.01218410615627,108.70778272857775,139.0,836.0
BraTS2021_01262,16,bilateral/midline,0.3175364039747516,128,175,129,2889600,423.3356743982016,111.1863790188159,158.0,858.0
BraTS2021_01263,3,right,1.0,132,185,142,3467640,358.47320611953916,105.90482162204529,107.0,778.0
BraTS2021_01264,2,left,0.002278093029035331,142,169,140,3359720,379.3423302024763,132.23439585725305,138.0,969.0
BraTS2021_01265,5,left,1.7179769103903244e-05,148,179,143,3788356,356.9042175159925,140.7230200768536,118.0,914.0
BraTS2021_01266,21,bilateral/midline,0.15081119270931234,132,175,139,3210900,427.2082394026484,128.47867582329607,117.0,904.0
BraTS2021_01267,3,left,0.010460931280763322,134,168,136,3061632,406.70680972175796,126.62458761860121,143.0,887.0
BraTS2021_01268,1,left,0.0,135,179,141,3407265,391.44044317713343,126.83634057267733,130.0,891.0
BraTS2021_01269,4,left,0.007019234525778432,147,166,138,3367476,378.30457853785543,140.9663034680094,118.0,962.0
BraTS2021_01270,3,left,0.04988197929101152,138,187,143,3690258,415.12357357596477,96.30388958488714,143.0,709.0
BraTS2021_01271,3,right,1.0,130,150,136,2652000,409.5995370182716,109.93184371048501,167.0,866.0
BraTS2021_01272,2,left,0.0,138,169,137,3195114,330.11697462030605,113.40688085629705,106.0,731.0
BraTS2021_01273,1,right,1.0,135,167,138,3111210,364.066094979972,93.51023089191548,131.0,665.0
BraTS2021_01274,1,right,1.0,131,173,141,3195483,327.7457713525545,106.81262910313981,104.0,723.0
BraTS2021_01275,1,left,0.0,141,174,136,3336624,481.0745760564523,130.47477431850282,161.0,995.0
BraTS2021_01276,5,bilateral/midline,0.5696465696465697,136,170,140,3236800,376.7851012699321,103.50259212526498,108.0,732.0
BraTS2021_01277,3,left,0.0,141,176,141,3499056,386.3095490834428,97.46198733190542,134.0,661.0
BraTS2021_01278,4,left,0.006411937862493078,139,169,140,3288740,399.1842954985449,134.89006525873248,140.0,997.0
BraTS2021_01279,9,left,0.00019086397760529329,139,155,138,2973210,369.1868400450484,124.12149007764172,141.0,903.0
BraTS2021_01280,1,right,1.0,145,172,143,3566420,422.51245809902787,176.70662781779924,139.0,1230.0
BraTS2021_01281,1,left,0.012924897092707173,144,171,133,3274992,517.1581988689767,117.89977018099279,200.0,875.0
BraTS2021_01282,10,right,0.9988673526361969,146,165,136,3276240,303.1839856537893,82.74486481885056,100.0,601.0
BraTS2021_01283,7,left,0.004104090874310478,145,170,138,3401700,339.8625713162564,61.19588745791018,161.0,557.0
BraTS2021_01284,11,right,1.0,139,165,142,3256770,922.7552749118595,194.30981344581417,433.0,1539.0
BraTS2021_01285,10,left,0.007825838186029771,125,169,145,3063125,366.6936186181085,136.1093159016483,111.0,927.0
BraTS2021_01286,11,left,0.0018565585163416861,129,172,138,3061944,374.81175442902924,151.12577249210656,75.0,985.0
BraTS2021_01287,9,right,0.9999337799507765,142,177,138,3468492,404.3819932154747,152.19545490134303,133.0,1113.0
BraTS2021_01288,2,bilateral/midline,0.2623188171347224,139,175,141,3429825,433.2337940775709,136.33939262183338,116.0,979.0
BraTS2021_01289,9,left,0.0,140,171,135,3231900,354.32256543314884,75.14186148209795,114.0,551.0
BraTS2021_01290,2,left,0.0,150,164,131,3222600,962.6474998626135,159.07555691329628,484.0,1303.0
BraTS2021_01291,1,right,1.0,131,167,140,3062780,3025.2026915672245,730.9124645885943,920.0,4978.0
BraTS2021_01292,11,right,0.9998165355435404,139,173,140,3366580,333.5030221421398,55.26458852107162,170.0,515.0
BraTS2021_01293,6,left,0.09639363500899469,141,174,137,3361158,248.75082656928828,74.59683873111503,39.0,470.0
BraTS2021_01294,2,left,0.0,141,175,140,3454500,527.2587452184652,155.83215978175963,169.0,1141.0
BraTS2021_01295,3,left,0.0,129,167,131,2822133,320.00812390776514,151.89822792915757,81.0,896.0
BraTS2021_01296,11,right,0.9992760048483271,138,168,136,3153024,972.2347238881466,333.88656990870606,121.0,1958.0
BraTS2021_01297,12,right,0.9923490488006617,140,162,133,3016440,955.7008720960549,256.41887724175103,144.0,1435.6399999998976
BraTS2021_01298,3,right,0.9896741648221548,138,176,139,3376032,332.3112348632797,65.37944749225835,144.0,561.0
BraTS2021_01299,3,right,0.9987687181994315,135,162,142,3105540,357.8570383638575,135.71711055413917,72.0,880.0
BraTS2021_01300,1,left,0.0,141,149,145,3046305,332.10073627157243,98.52826297685935,99.0,674.0
BraTS2021_01301,1,left,0.04710667891352841,144,156,145,3257280,331.4202193664783,121.45473490599838,103.0,755.0
BraTS2021_01302,11,right,0.966738503365273,135,161,134,2912490,429.41896811528375,105.31978147673418,186.0,862.0
BraTS2021_01303,1,left,0.003667692531161769,138,153,139,2934846,304.6945611792145,52.778902969905495,152.0,461.0
BraTS2021_01304,2,right,1.0,128,163,141,2941824,246.2549904122047,68.56821751420682,80.0,520.0
BraTS2021_01305,1,bilateral/midline,0.6966440821511751,137,166,142,3229364,401.25361402576897,178.56124873653295,107.0,1204.0
BraTS2021_01306,2,right,0.9315280670832665,132,162,131,2801304,447.13213899854986,149.99962258029265,165.0,1102.0
BraTS2021_01307,2,left,0.09034200659016021,139,174,139,3361854,195.7647268675042,40.13975258337331,116.0,380.0
BraTS2021_01308,1,left,0.0,137,168,140,3222240,282.43291084988647,105.69668431839986,74.0,702.0
BraTS2021_01309,2,right,1.0,123,176,151,3268848,303.9318232289585,56.41590110179175,181.0,523.0
BraTS2021_01310,2,right,1.0,139,170,142,3355460,15581.15585682622,3310.4935824051877,4866.737104492187,25442.05498046868
BraTS2021_01311,3,bilateral/midline,0.15295602129689473,136,163,138,3059184,296.8354293786284,74.5326708643703,123.0,584.0
BraTS2021_01312,1,left,0.0,143,168,153,3675672,268.696201629458,79.42749213913683,76.0,527.0
BraTS2021_01313,3,left,0.0,136,179,136,3310784,382.94520107858875,68.93428270137166,203.0,634.0
BraTS2021_01314,3,left,0.006843383073275311,130,168,139,3035760,257.2588948722871,96.98217098338151,76.0,656.0
BraTS2021_01315,1,left,0.0,136,172,143,3345056,414.57786946020445,74.52566311912338,195.0,597.0
BraTS2021_01316,5,right,1.0,126,165,140,2910600,1028.2369035094328,153.81482646717086,552.0,1433.0
BraTS2021_01317,3,right,1.0,140,167,138,3226440,824.800306806216,163.22733034430308,361.0,1308.0
BraTS2021_01318,3,left,0.0,138,166,147,3367476,444.35078572144863,72.55417929979964,236.0,673.0
BraTS2021_01319,3,left,0.003735399029408613,137,162,134,2973996,444.81338750705277,71.38244871341547,259.0,650.0
BraTS2021_01320,1,right,0.8516755747533219,143,174,147,3657654,451.9993773980446,124.87913045844563,162.0,898.0
BraTS2021_01321,2,right,1.0,147,172,141,3565044,243.88523093643872,73.39675722825166,102.0,551.0
BraTS2021_01322,2,left,0.0,132,177,139,3247596,393.7800330151348,72.24929593555333,176.0,528.0
BraTS2021_01323,4,right,1.0,140,145,139,2821700,382.2994089017446,104.97295214035091,155.0,762.0
BraTS2021_01324,1,right,0.882299837361819,141,175,141,3479175,352.9774262992062,92.08295926261502,132.0,671.0
BraTS2021_01325,3,right,0.9976710268099176,138,178,139,3414396,663.1528456245361,97.69651088517632,372.0,978.0
BraTS2021_01326,2,right,0.9814431174079687,139,169,140,3288740,621.5962798093079,234.35480579306972,169.0,1584.0
BraTS2021_01327,1,left,0.0,143,170,143,3476330,256.34336457851197,56.45613557404371,96.0,395.0
BraTS2021_01328,4,right,0.9432851002395249,139,173,144,3462768,245.33118259671065,39.15087782068479,136.0,378.0
BraTS2021_01329,3,left,0.0,132,173,136,3105696,1120.1987470085098,287.9253504545728,407.0,1810.0
BraTS2021_01330,1,left,0.0,133,172,142,3248392,246.55554660257567,52.469715565266455,99.0,367.0
BraTS2021_01331,1,bilateral/midline,0.21879572724612234,137,171,136,3186072,1223.918393955555,344.0095174434015,300.0,2016.0
BraTS2021_01332,1,bilateral/midline,0.2526105280111669,142,173,136,3340976,2032.9179497373966,502.0285922719268,617.0,3186.0
BraTS2021_01333,3,right,1.0,126,158,134,2667672,144.1391944854465,38.812018202943875,36.0,216.0
BraTS2021_01334,1,right,1.0,133,172,133,3042508,406.9347508636457,155.43970301717425,135.0,1114.0
BraTS2021_01335,1,left,0.0,142,166,143,3370796,451.71903220541,158.5025456717963,174.0,1184.0
BraTS2021_01336,2,left,0.0,142,163,139,3217294,398.3148764989768,119.06621863631149,146.0,875.0
BraTS2021_01337,1,left,0.004781411767805161,147,166,137,3343074,358.8070074631129,111.76996124492196,131.0,798.0
BraTS2021_01338,2,bilateral/midline,0.4942653615538359,134,169,144,3261024,439.07433697586805,155.65360084480332,139.0,1141.0
BraTS2021_01339,1,right,0.9965552085247107,148,163,143,3449732,435.01941320724,145.41122834512822,142.0,1031.0
BraTS2021_01340,2,right,0.9932502759817063,134,158,139,2942908,386.2595241438216,141.8933611614959,130.0,1000.0
BraTS2021_01341,2,right,1.0,137,178,141,3438426,330.52331951417415,116.88006647515617,104.0,771.0
BraTS2021_01342,4,left,0.04987383984300069,136,167,141,3202392,366.960903003499,161.30140672117147,107.0,1012.0
BraTS2021_01343,1,bilateral/midline,0.824048558645366,129,162,139,2904822,331.48750965884034,92.92409483324575,125.0,624.0
BraTS2021_01344,1,right,0.9653061224489796,131,151,143,2828683,358.7061410799603,109.13995883024243,129.0,772.0
BraTS2021_01345,2,left,0.11065580254726683,133,166,136,3002608,1341.7369897538886,433.46296240248955,517.0,3002.0
BraTS2021_01346,1,left,0.11552817073767684,143,186,141,3750318,412.07450619952596,125.27511581895492,138.0,882.0
BraTS2021_01347,8,left,0.007797959052692382,135,156,138,2906280,422.5247049923543,153.85280362153748,137.0,1064.0
BraTS2021_01348,3,left,0.0,138,167,141,3249486,183.1543717593579,77.31263063023607,53.0,499.0
BraTS2021_01349,5,right,1.0,133,176,143,3347344,270.2349714610451,83.32330532622493,104.0,616.0
BraTS2021_01350,1,left,0.0,132,164,131,2835888,205.416897650084,60.24951955885607,48.0,372.0
BraTS2021_01351,3,left,0.0,144,182,145,3800160,506.36042147930453,159.91526551992982,189.0,1296.0
BraTS2021_01352,2,right,0.9999833991832399,136,171,140,3255840,633.2280945262571,116.83919020195518,276.0,886.0
BraTS2021_01353,4,left,0.0,137,174,141,3361158,454.02231951711263,155.74948526487935,146.0,1158.0
BraTS2021_01354,6,left,0.0,130,169,139,3053830,419.50910479074844,131.65842461295182,146.0,968.0
BraTS2021_01355,2,left,0.0,136,166,138,3115488,392.40913819964027,110.7646789619437,150.0,835.0
BraTS2021_01356,2,right,1.0,133,171,142,3229506,362.33019972117063,85.02957464259231,168.0,620.0
BraTS2021_01357,1,right,0.9972470978441128,135,173,138,3222990,490.6219743071447,152.95463426760642,182.0,1125.0
BraTS2021_01358,1,right,0.9999740290095963,136,174,141,3336624,400.7390911504746,162.62682638702987,123.0,1085.0
BraTS2021_01359,2,left,0.0007350088813573164,139,165,132,3027420,412.4325830225211,203.04461131999398,120.0,1327.0
BraTS2021_01360,2,right,0.9998775615414357,131,165,139,3004485,282.3461531871208,112.37471315555098,89.0,751.0
BraTS2021_01361,1,left,0.0,138,177,144,3517344,430.5132562950496,148.6062396201151,126.0,989.0
BraTS2021_01362,6,right,0.9994042510939793,138,149,142,2919804,449.5142180845842,135.61140316750803,170.0,1029.0
BraTS2021_01363,1,right,0.9824429771908764,127,171,139,3018663,271.7178462318807,94.99587930749033,57.0,608.0
BraTS2021_01364,1,bilateral/midline,0.5307670637475853,127,170,139,3001010,456.39838280580847,140.29566157541083,171.0,1068.0
BraTS2021_01365,1,right,1.0,126,165,137,2848230,711.1546038349785,251.9442367539565,155.0,1390.0
BraTS2021_01366,5,left,0.007054438972447757,132,169,133,2966964,266.0754967606931,81.83110551660697,82.0,567.0
BraTS2021_01367,3,right,1.0,134,174,138,3217608,456.30414882230815,139.29222427963197,164.0,1093.0
BraTS2021_01368,2,left,0.11750327825858904,144,163,139,3262608,274.72379704023444,80.24241132787073,74.0,525.0
BraTS2021_01369,4,left,0.0,136,176,142,3398912,287.0051920427133,69.57089169287327,90.0,483.0
BraTS2021_01370,6,left,0.0005341045281642437,130,161,139,2909270,387.55149344150027,122.68978062612844,133.0,900.0
BraTS2021_01371,1,left,5.803998955280188e-06,128,177,143,3239808,432.8159818609762,150.15720637624963,148.0,1109.0
BraTS2021_01372,13,right,0.9993934247240083,137,168,140,3222240,458.8553444549077,150.6667778399359,163.0,1140.0
BraTS2021_01373,5,right,0.999850007499625,131,161,141,2973831,439.67173841552216,166.46612218372255,144.0,1221.0
BraTS2021_01374,1,left,2.847806121359258e-05,129,175,142,3205650,460.6360396569497,189.1449629428188,163.0,1325.0
BraTS2021_01375,6,bilateral/midline,0.40672885488669663,125,166,139,2884250,444.1584210175244,163.27236845233543,151.0,1225.0
BraTS2021_01376,3,left,0.005198239481262792,144,166,142,3394368,463.5996658640592,133.8773782327534,166.0,1006.0
BraTS2021_01377,6,bilateral/midline,0.6526734017856324,134,166,142,3158648,378.0856297389684,156.3486380922692,126.0,940.0
BraTS2021_01378,1,left,0.0,135,154,147,3056130,241.40022481391355,94.65505626134056,29.0,497.0
BraTS2021_01379,4,left,0.05382748731524377,130,165,140,3003000,392.6084757914842,105.53986808034338,139.0,781.0
BraTS2021_01380,1,left,0.0,133,179,137,3261559,420.0483719386406,78.42393171196092,215.0,692.0
BraTS2021_01381,2,right,1.0,167,176,139,4085488,271.77025082051125,99.8314182358782,35.0,527.0
BraTS2021_01382,4,right,1.0,134,172,141,3249768,392.68834635543516,138.572979747793,131.0,1054.0
BraTS2021_01383,9,left,0.0,126,177,140,3122280,440.4868351459626,167.8849744864491,143.0,1222.0
BraTS2021_01384,1,left,0.0,140,181,141,3572940,405.8938010756487,119.5290971064717,155.0,933.0
BraTS2021_01385,3,right,0.9681578713605336,142,185,144,3782880,350.3073834677345,131.23888398722121,101.0,866.0
BraTS2021_01386,1,right,1.0,140,181,145,3674300,367.06940153092506,111.49253340916229,140.0,862.0
BraTS2021_01387,7,right,1.0,137,176,138,3327456,266.22131670702277,77.60541609055355,69.0,521.0
BraTS2021_01388,1,right,1.0,143,172,140,3443440,458.0938126841233,159.73391792601663,156.0,1192.0
BraTS2021_01389,2,left,0.0,145,181,139,3648055,437.38207210363623,137.1294353986756,138.0,954.0
BraTS2021_01390,1,right,0.9999051665275775,130,165,134,2874300,397.7495327585964,119.82267861393667,134.0,871.0
BraTS2021_01391,4,left,0.013306236996177482,146,178,142,3690296,417.393152897991,104.53756530376907,152.0,784.0
BraTS2021_01392,4,right,0.9568855594517055,121,166,142,2852212,445.43365047262114,137.91110232612684,153.0,1003.0
BraTS2021_01393,1,right,1.0,127,165,138,2891790,413.74193422523695,123.01693061506857,145.0,946.0
BraTS2021_01394,2,left,0.0,135,168,138,3129840,340.4966454160856,99.46766199392646,107.0,751.0
BraTS2021_01395,1,left,0.0,141,174,136,3336624,230.42277182760282,81.85256681047105,52.0,543.0
BraTS2021_01396,1,left,0.0,128,175,137,3068800,641.0528218978446,191.61692927467192,178.0,1336.0
BraTS2021_01397,1,right,1.0,136,170,137,3167440,296.9167800074543,71.96681772406744,107.0,493.0
BraTS2021_01398,1,right,0.9173758865248227,145,161,138,3221610,379.80787903719215,140.0470933103973,125.0,1004.0
BraTS2021_01399,8,left,0.0,127,172,144,3145536,402.4620828232142,118.48410334467893,147.0,880.0
BraTS2021_01400,1,right,0.9981083997451865,126,171,142,3059532,261.7288123213056,86.45522666319096,49.0,577.0
BraTS2021_01401,1,right,0.9961783834004335,136,177,142,3418224,397.35424525694924,124.02348972674753,134.0,934.0
BraTS2021_01402,4,right,0.9999867076072364,137,172,140,3298960,253.63642443186663,81.3400887952224,81.0,601.0
BraTS2021_01403,2,bilateral/midline,0.19309095879177202,139,171,137,3256353,367.2213284220059,122.61746019035866,124.0,841.0
BraTS2021_01404,5,bilateral/midline,0.5307968604496475,133,175,141,3281775,386.9732178374612,106.78275874634474,129.0,777.0
BraTS2021_01405,3,left,0.06894347548169116,132,168,144,3193344,400.4062327449295,113.69931927146717,144.0,850.0
BraTS2021_01406,9,right,0.9806922258376031,132,168,137,3038112,325.29231745483395,88.85718118446272,121.0,635.0
BraTS2021_01407,1,left,0.0,130,166,138,2978040,359.1679124420037,125.19563459404037,125.0,931.0
BraTS2021_01408,2,right,1.0,142,163,141,3263586,366.29521811803414,114.43289231340138,131.0,859.0
BraTS2021_01409,6,right,1.0,136,169,138,3171792,380.18463717053334,128.31722067488502,125.0,936.0
BraTS2021_01410,8,bilateral/midline,0.16868140692756572,141,183,143,3689829,417.49414233924824,126.79322914462777,126.0,910.0
BraTS2021_01411,2,right,1.0,136,176,132,3159552,493.15436244315623,162.08347663822568,18.0,931.0
BraTS2021_01412,1,left,0.0055818968934840864,142,175,146,3628100,477.4211040830601,187.39314444528716,15.0,911.0
BraTS2021_01413,4,right,0.918661277432486,146,177,140,3617880,242.5741658009652,119.69421460458143,13.0,740.0
BraTS2021_01414,1,left,0.0001408987683790011,129,156,130,2616120,632.6369203596661,167.8861076973331,37.0,961.0
BraTS2021_01415,9,right,1.0,141,169,138,3288402,429.76030777164743,161.8310936532015,18.0,843.0
BraTS2021_01416,2,bilateral/midline,0.15675665728114246,146,175,146,3730300,361.8645891188997,93.50904131780777,29.0,547.0
BraTS2021_01417,6,right,0.8798886797086027,142,179,129,3278922,308.1190730598472,126.26536977061697,14.0,690.0
BraTS2021_01418,6,right,0.9992322825200326,141,173,134,3268662,381.3460968115209,140.5524505540183,22.0,868.0
BraTS2021_01419,3,right,0.9162608199372206,128,169,130,2812160,411.3614141880679,142.86768013058872,23.0,762.0
BraTS2021_01420,4,left,0.0,147,170,140,3498600,459.55655322828835,148.83878909520195,22.0,686.0
BraTS2021_01421,3,left,0.03524476135676672,137,159,132,2875356,283.79548421457866,100.81603139571929,15.0,592.0
BraTS2021_01422,1,left,0.0,144,171,135,3324240,259.1318412897608,124.54238783412706,11.0,662.0
BraTS2021_01423,1,right,1.0,141,180,128,3248640,278.19044161944623,120.60390575740936,12.0,649.0
BraTS2021_01424,1,left,0.05652806441790439,139,177,136,3346008,287.4112774457166,128.38841011508046,13.0,738.0
BraTS2021_01425,3,bilateral/midline,0.22333561492158718,145,183,143,3794505,656.7353108009186,234.4301178397079,25.0,1385.0
BraTS2021_01426,2,left,0.0,148,166,139,3414952,61.42458234542101,20.816663111986657,4.0,118.0
BraTS2021_01427,1,right,1.0,142,154,136,2974048,48.709124238241984,16.38136040354131,3.0,109.0
BraTS2021_01428,3,left,0.004782627429014606,143,164,142,3330184,51.218521752700205,18.139437385289675,3.0,106.0
BraTS2021_01429,3,left,0.00034150032476011274,144,169,135,3285360,44.74727126279806,16.977852718510857,4.0,107.0
BraTS2021_01430,6,left,0.00415808510058439,155,164,139,3533380,51.716793729497724,16.363715378987774,2.0,102.0
BraTS2021_01431,1,bilateral/midline,0.8314228731441003,133,159,133,2812551,326.1913029435873,96.12759405049079,16.0,493.0
BraTS2021_01432,2,bilateral/midline,0.21970575912855717,144,167,133,3198384,409.29815607987405,104.86611534903305,29.0,534.0
BraTS2021_01433,1,left,0.0,145,176,135,3445200,340.11332809177424,91.86602585235781,21.0,519.0
BraTS2021_01434,1,left,0.000164257555847569,131,167,130,2844010,361.7055520012374,134.33236482591875,16.0,650.0
BraTS2021_01435,1,right,1.0,150,168,140,3528000,345.86486203190117,94.45375348686734,20.0,535.0
BraTS2021_01436,1,left,0.0,139,163,129,2922753,48.9227511027124,14.950027070435981,3.0,94.0
BraTS2021_01437,2,left,0.0,135,162,137,2996190,65.99868600649991,21.00813687350617,3.0,131.0
BraTS2021_01438,3,left,0.0,149,161,133,3190537,48.38018220895607,15.384088504940603,4.0,89.0
BraTS2021_01439,1,right,1.0,145,175,132,3349500,51.51603364204601,17.66755999364702,3.0,100.0
BraTS2021_01440,1,left,2.8217500493806258e-05,131,171,145,3248145,54.410268068210186,20.154985650668333,2.0,106.0
BraTS2021_01441,2,right,0.9978125383765197,148,176,146,3803008,319.9185724968284,175.18947263205823,45.0,909.0
BraTS2021_01442,7,left,0.0,138,167,136,3134256,91.75310289712664,21.30620564613358,37.0,175.0
BraTS2021_01443,9,left,0.0,144,170,138,3378240,1254.048949894329,524.4576050056927,125.0,2375.0
BraTS2021_01444,4,left,0.0033415186667221605,139,161,138,3088302,295.74247096096065,72.16913196167246,130.0,568.0
BraTS2021_01445,2,right,0.983311674988031,134,172,139,3203672,128.8045629332182,31.647387770891516,28.0,242.0
BraTS2021_01446,8,right,1.0,134,167,137,3065786,335.651322011303,45.74376917453932,197.0,465.0
BraTS2021_01447,1,right,1.0,141,175,137,3380475,273.13729340298437,70.92949281976134,51.0,478.0
BraTS2021_01448,10,right,1.0,143,173,134,3315026,263.98681107605347,51.98305091133634,107.0,355.0
BraTS2021_01449,2,left,0.0,142,166,139,3276508,702.418273750931,203.14637324249875,137.0,1301.0
BraTS2021_01450,28,left,0.0,136,170,139,3213680,703.2870851566921,173.08421077660887,127.0,1073.0
BraTS2021_01451,2,right,1.0,141,180,137,3477060,237.36058473557136,61.54903756077738,79.0,433.0
BraTS2021_01452,1,left,0.0,144,166,141,3370464,603.3975714877588,260.8286235014128,57.0,1213.0
BraTS2021_01453,3,right,1.0,143,163,119,2773771,698.1704180827098,264.3467705510959,54.0,1322.0
BraTS2021_01454,10,left,0.0007600581022193697,143,173,138,3413982,192.40617389657038,38.59241056035686,78.0,308.0
BraTS2021_01455,6,left,0.10954419685048336,141,166,134,3136404,340.30782502964837,72.28840157900801,167.0,634.0
BraTS2021_01456,4,right,1.0,133,159,134,2833698,105.4425612306862,26.60079369199165,33.0,216.0
BraTS2021_01457,2,left,0.0,135,162,132,2886840,82.27525044653258,17.505542828562454,20.0,120.0
BraTS2021_01458,6,left,0.029110610378421366,133,158,128,2689792,79.25397387676831,21.21054748291931,25.0,151.0
BraTS2021_01459,6,left,0.0,142,163,137,3171002,66.71634106126744,20.50152966720382,19.0,116.0
BraTS2021_01460,10,left,0.00035935029466724165,139,171,138,3280122,88.58684318767546,29.02458533918996,28.0,210.0
BraTS2021_01461,9,left,0.0,135,172,137,3181140,56.88305080206743,16.554710787005433,19.0,119.0
BraTS2021_01462,18,right,0.9999321671739997,145,175,138,3501750,124.20791234426217,40.71303941547274,16.0,209.0
BraTS2021_01463,3,left,0.01177912439572411,140,168,140,3292800,67.38381269488251,19.10256767161535,20.0,141.0
BraTS2021_01464,1,right,1.0,147,165,139,3371445,74.28521464510924,18.474017396217914,16.0,124.0
BraTS2021_01465,2,right,0.9015422972837527,136,175,142,3379600,88.51489460500109,32.405406898635,29.0,271.0
BraTS2021_01466,9,left,0.0,140,166,141,3276840,80.10159630891535,18.832623547610744,23.0,135.0
BraTS2021_01467,4,right,0.9813567873325119,138,173,137,3270738,116.79484823964444,28.120263744410867,37.0,217.0
BraTS2021_01468,2,left,0.0,133,168,143,3195192,1026.533556135532,202.02674609219054,484.0,1528.0
BraTS2021_01469,18,left,0.07756658320054632,143,169,137,3310879,257.2423145478722,40.143286970317625,131.0,327.0
BraTS2021_01470,3,right,1.0,138,171,130,3067740,306.80847143191437,63.90976112879407,93.0,460.0
BraTS2021_01471,12,right,0.8737270774245967,152,169,130,3339440,563.1450910099355,146.82068685272512,171.0,1137.0
BraTS2021_01472,3,left,0.0,142,168,132,3148992,557.2536237313534,140.8441466171506,186.0,985.0
BraTS2021_01473,22,left,0.008949873055970196,130,170,135,2983500,694.4541947127897,121.07366379069741,298.0,1114.0
BraTS2021_01474,1,left,0.0,132,156,137,2821104,480.36050597501026,178.41171009940746,73.0,720.0
BraTS2021_01475,10,left,0.09554352190049059,144,180,142,3680640,126.3101851089434,33.7215602723365,33.0,207.0
BraTS2021_01476,8,right,1.0,137,163,135,3014685,1098.8142014458408,244.75744181593353,339.0,1581.0
BraTS2021_01477,7,right,0.9966535846044424,141,165,139,3233835,124.27106042795671,30.01543033255607,27.0,174.0
BraTS2021_01478,17,left,0.07190686151367365,134,172,139,3203672,114.10125470376121,25.900821320786356,34.0,158.0
BraTS2021_01479,3,bilateral/midline,0.7687896515655633,136,161,139,3043544,758.9913251588343,110.36694377868642,500.84000000000015,1145.0
BraTS2021_01480,5,left,0.0,135,165,131,2918025,897.6574210487988,265.4430199287813,192.0,1407.0
BraTS2021_01481,11,right,1.0,142,176,137,3423904,666.7782841451237,136.19322759675865,262.0,1065.0
BraTS2021_01482,21,left,0.0,145,182,140,3694600,10436.514363726195,2772.4843220608436,2590.0,16512.959999999963
BraTS2021_01483,3,right,1.0,136,158,135,2900880,901.4784675644195,123.66386133176738,539.0,1159.0
BraTS2021_01484,3,right,1.0,138,181,145,3621810,1129.8644668599927,253.47267739192895,326.0,1606.0
BraTS2021_01485,1,left,0.0,134,176,135,3183840,1119.8347893574835,207.65940623408687,507.0,1575.0
BraTS2021_01486,5,right,0.9940097996043812,134,166,140,3114160,804.3022635219169,106.32312632829588,505.0,1034.0
BraTS2021_01487,5,right,0.9913534850389446,133,160,138,2936640,277.1828837906249,40.80601456391788,137.0,347.0
BraTS2021_01488,3,right,0.9728012748729434,146,163,139,3307922,302.495004138624,54.76623773395573,139.0,411.0
BraTS2021_01489,17,bilateral/midline,0.7944500231928678,139,173,142,3414674,699.1764920412548,146.75030043879536,256.0,970.0
BraTS2021_01490,8,left,0.08631023312060306,132,164,139,3009072,230.40736190506982,64.19130322917671,32.0,365.0
BraTS2021_01491,17,left,0.0005452105351451098,136,168,137,3130176,743.9707086502387,225.85448911077722,75.0,1102.0
BraTS2021_01492,3,right,0.9999591920016323,133,167,134,2976274,276.85670373480406,47.21483475063776,128.0,371.0
BraTS2021_01493,6,right,1.0,141,174,141,3459294,681.2045823970354,177.22605561088406,161.0,1136.0
BraTS2021_01494,6,right,0.9548883563825067,133,161,138,2954994,359.8504666734145,59.68953168464014,151.0,459.0
BraTS2021_01495,37,left,0.11260917724392148,145,163,137,3237995,329.49891290896,64.7512997935267,148.0,428.0
BraTS2021_01496,5,right,0.9659768261226136,147,169,136,3378648,183.4142685166862,44.20791302971229,65.0,261.0
BraTS2021_01497,15,right,1.0,137,161,139,3065923,1592.430989607927,505.2241920305678,224.0,2530.0
BraTS2021_01498,40,right,0.8520607229724063,140,171,135,3231900,1047.489275532056,335.0520010316425,105.0,2011.0
BraTS2021_01499,4,right,1.0,137,174,143,3408834,469.31664232813944,130.23350385835332,52.0,720.0
BraTS2021_01500,5,right,0.9999604633693117,135,163,136,2992680,360.31691152560944,155.5966519325542,42.0,695.0
BraTS2021_01501,10,left,0.005150982387958422,138,166,130,2978040,302.19224149569277,66.9528652578255,55.0,395.0
BraTS2021_01502,27,left,0.0027782972243742153,136,165,141,3164040,1112.588176189843,335.18381774189004,143.0,1847.0
BraTS2021_01503,7,right,0.9649813963668199,135,171,138,3185730,1158.9343114373826,408.46287964095944,112.0,1837.0
BraTS2021_01504,4,left,0.0,137,170,141,3283890,1069.5903780564618,437.8041961563218,89.0,1930.0
BraTS2021_01505,7,left,0.00737566658634454,139,164,131,2986276,1190.9846282706421,367.58897172931427,200.0,1977.0
BraTS2021_01506,9,left,0.12323919268427859,135,174,136,3194640,760.1452993609089,228.8015986603653,125.0,1300.0
BraTS2021_01507,3,right,1.0,138,175,140,3381000,616.6567746361812,195.1149398275088,89.0,975.0
BraTS2021_01508,10,left,0.062034531812222814,133,172,137,3134012,667.2792668478434,171.26236679130804,115.0,986.0
BraTS2021_01509,3,right,1.0,126,159,132,2644488,721.3803113417849,221.6403077961537,109.0,1105.0
BraTS2021_01510,18,bilateral/midline,0.8406168026088136,136,174,138,3265632,1183.455262487794,302.73132319641365,237.0,1787.0
BraTS2021_01511,33,left,0.12881520993337908,140,166,138,3207120,997.5509314518686,225.9055141472586,321.0,1465.0
BraTS2021_01512,49,right,0.9772578102268806,133,170,134,3029740,1040.1479945579247,283.83067073247486,197.0,1538.0
BraTS2021_01513,13,right,0.954037751880925,140,165,130,3003000,1299.1493909185606,294.12866523627287,206.0,1831.0
BraTS2021_01514,3,left,0.013237958989031951,138,173,140,3342360,1172.0253697366009,312.61861078190896,234.0,1736.0
BraTS2021_01515,1,right,0.893891096956668,133,180,144,3447360,662.7273998887379,205.74569791011962,227.0,1518.0
BraTS2021_01516,5,left,0.0,144,176,133,3370752,135.86875498227553,56.097406348531436,19.0,311.0
BraTS2021_01517,7,bilateral/midline,0.337002251811857,138,161,138,3066084,407.5336613814995,65.54969252499815,212.0,534.0
BraTS2021_01518,4,right,0.9213134307414359,132,181,140,3344880,9592.057442724896,2039.8187503171346,3544.0,12902.0
BraTS2021_01519,18,left,0.0,131,160,141,2955360,964.5171450879868,224.42561407171945,279.0,1451.0
BraTS2021_01520,1,left,0.0,131,173,143,3240809,8416.091216721015,2859.1529540120364,1627.0,16111.520000000019
BraTS2021_01521,29,bilateral/midline,0.772326913874051,134,170,134,3052520,7166.039384457297,2801.0894045651257,1335.0,17687.0
BraTS2021_01522,2,left,0.0,145,168,137,3337320,320.66025900540575,78.55914667064289,105.0,470.0
BraTS2021_01523,8,right,0.9372531646762746,137,176,140,3375680,323.6019771058853,80.4999994981161,55.0,468.0
BraTS2021_01524,7,right,1.0,138,159,131,2874402,341.10799752140673,74.43158409776335,100.0,509.0
BraTS2021_01525,13,right,1.0,144,171,141,3471984,314.2576617730869,46.598864069666654,168.0,410.0
BraTS2021_01526,17,left,0.05589396675747651,141,171,141,3399651,214.01007667922656,107.60385415728464,20.0,418.0
BraTS2021_01527,5,left,0.0,139,168,144,3362688,330.0351961281273,59.184843517016525,134.0,457.0
BraTS2021_01528,3,right,0.9935759894527312,139,163,140,3171980,1046.087274727463,299.8815146792897,337.0,1661.0
BraTS2021_01529,2,right,0.9998975004758907,141,177,141,3518937,1183.2228868548343,299.38225585704856,432.0,2107.659999999916
BraTS2021_01530,3,bilateral/midline,0.7531319517620888,138,165,139,3165030,1140.148740419241,326.94297807250143,392.0,2320.0
BraTS2021_01531,2,left,0.053704338946814194,135,153,136,2809080,1101.9967588877546,266.02654743809256,356.0,1861.0
BraTS2021_01532,2,right,0.9812503059675919,146,189,139,3835566,1097.528868242567,261.18890179918577,410.0,1639.0
BraTS2021_01533,3,bilateral/midline,0.760613406378962,144,176,138,3497472,1017.0599369319926,248.7576132196701,444.0,1731.0
BraTS2021_01534,4,right,0.9999523317708747,133,182,133,3219398,1952.5536316649439,426.470266169408,629.0,3329.0
BraTS2021_01535,4,left,0.0,135,162,135,2952450,2025.7649831151396,513.71037732567,662.0,3484.0
BraTS2021_01536,11,left,0.0,135,173,139,3246345,1178.3873873270563,255.59501165101545,428.0,1719.0
BraTS2021_01537,1,bilateral/midline,0.8458160652399708,142,167,139,3296246,546.1215938028346,129.92843582968908,208.0,868.0
BraTS2021_01538,1,left,0.0,131,173,145,3286135,405.87275674014705,78.53283576510744,178.30291763305664,582.4310174560546
BraTS2021_01539,2,left,0.0,131,165,136,2939640,3760.182864954567,1069.946184299865,1432.9279541015626,7818.296811523435
BraTS2021_01540,2,left,6.730898671128291e-05,131,172,148,3334736,369.44866579074153,100.28231528475497,140.26522827148438,718.9256835937517
BraTS2021_01541,4,bilateral/midline,0.7262136663992972,128,171,148,3239424,558.3169073156909,139.3170128781881,165.6543731689453,1051.9757080078125
BraTS2021_01542,1,left,0.0,137,180,141,3477060,634.7250086281534,120.52764136449002,242.58779602050782,948.8685302734392
BraTS2021_01543,1,left,0.0,138,181,144,3596832,3238.033166592,736.8654816963358,1141.054833984375,6141.692949218748
BraTS2021_01544,2,left,0.0,141,171,140,3375540,1565.8455133112755,321.64161946442454,618.9942895507812,2372.9541186523443
BraTS2021_01545,4,left,0.008027612896477786,135,176,149,3540240,1082.2993771172642,269.7326703968553,419.55016845703125,2141.1400488281233
BraTS2021_01546,2,right,1.0,132,153,143,2888028,842.983789663005,180.43521530441754,415.18202087402346,1507.741074218749
BraTS2021_01547,4,right,0.949267299543098,139,179,135,3358935,1206.3828159109248,232.42433545779645,534.6250451660156,1958.2001232910154
BraTS2021_01548,2,left,0.0,136,169,134,3079856,2048.5682294260937,350.87559310351276,1090.011212158203,3131.4572509765558
BraTS2021_01549,6,left,0.0014464990812776105,135,151,142,2894670,526.0986038338713,66.77430558984618,325.9303387451172,700.8185418701188
BraTS2021_01550,1,left,0.0032533640226628897,136,158,137,2943856,882.2415084321991,144.83302898456122,441.00630645751954,1272.0601684570313
BraTS2021_01551,1,left,0.0,138,182,141,3541356,426.2315141267871,110.98125051337566,104.78897857666016,626.1073608398439
BraTS2021_01552,1,left,0.01181189222214051,143,198,141,3992274,934.6983414327001,303.4727513202799,234.84610107421878,1985.2396203613266
BraTS2021_01553,1,right,0.9876110961486668,132,173,139,3174204,1024.4895050395417,332.68433569167075,234.2494659423828,1949.2985693359365
BraTS2021_01554,1,bilateral/midline,0.8367858115524598,147,183,143,3846843,3336.5851699767,1088.916458920493,1128.96169921875,7662.398906249991
BraTS2021_01555,1,right,1.0,122,166,140,2835280,672.8114123384947,106.97483253146827,228.83922241210936,891.3966040039063
BraTS2021_01556,1,left,0.0,135,183,142,3508110,1832.8519628720655,455.3978286376494,639.4477868652343,3413.2268408203136
BraTS2021_01557,2,left,0.0,143,179,149,3813953,4107.33278993864,1067.9456388748313,1489.5043334960938,7943.046533203125
BraTS2021_01558,9,left,0.00024117088464495123,143,165,149,3515655,155.20803735929894,47.41025835850112,16.385838508605957,237.34536788940426
BraTS2021_01559,3,right,1.0,136,167,145,3293240,4052.321499855177,1128.7599686875951,1112.9233862304689,8100.82932617188
BraTS2021_01560,2,left,0.03418109335203573,129,158,135,2751570,607.0038646488505,100.84075992132487,313.52105712890625,837.941162109375
BraTS2021_01561,2,right,0.9998562775895699,132,168,137,3038112,562.256796117673,188.1452041254504,43.78429252624512,882.229992675781
BraTS2021_01562,14,right,1.0,137,159,141,3071403,960.9112405310304,210.57967514034902,461.03428649902344,1659.8684692382812
BraTS2021_01563,1,left,0.00042149449906669076,135,174,139,3265110,1259.1730052254986,444.52212842207,310.32019500732423,2687.3512548828103
BraTS2021_01564,1,right,1.0,143,168,138,3315312,428.71560173326594,106.97538983108787,172.34550048828126,831.5398706054674
BraTS2021_01565,1,left,0.08230802478029102,141,203,146,4178958,1297.2144525071697,400.76630847352624,361.8198110961914,2418.7901196289054
BraTS2021_01566,1,left,0.0,135,171,150,3462750,889.5070211264364,168.84404932362952,142.80694580078125,1278.9043896484368
BraTS2021_01567,1,right,0.9704817428659098,131,161,142,2994922,1134.1700794381945,370.08741927348404,218.8851824951172,2131.526630859378
BraTS2021_01568,3,right,0.9427208965747579,144,172,153,3789504,784.3903969605592,200.70857567595186,264.7694976806641,1418.2928222656271
BraTS2021_01569,2,right,0.9999273519796585,129,175,152,3431400,717.6509239978492,238.36520228025995,144.23336547851562,1616.438427734372
BraTS2021_01570,2,left,0.0,146,178,135,3508380,733.1630626117781,160.65054047405025,355.59967163085935,1309.2606347656254
BraTS2021_01571,4,left,0.0,138,168,141,3268944,705.3577358041703,168.55812742329715,350.27149169921876,1320.820158691406
BraTS2021_01572,3,left,0.0,139,173,142,3414674,385.0930325930211,61.72001718876205,214.3985383605957,531.8558105468752
BraTS2021_01573,1,right,0.9551751207729469,135,168,135,3061800,823.8151292062001,161.68479502402988,309.54529296875,1475.38584716797
BraTS2021_01574,3,left,0.0,137,172,143,3369652,525.9149525237856,79.56271480556904,277.7468719482422,712.008251953125
BraTS2021_01575,1,right,0.9645468551305879,135,177,140,3345300,1237.1439940424764,191.08616129507328,484.14982910156255,1586.9871777343758
BraTS2021_01576,2,right,1.0,131,175,143,3278275,1981.9329319285719,521.4883691469412,575.1479248046875,4106.313476562512
BraTS2021_01577,1,left,0.0004130055445994363,135,169,140,3194100,1076.3754494735672,446.818828826173,210.151103515625,2227.810546875002
BraTS2021_01578,3,bilateral/midline,0.5668188632956249,133,165,134,2940630,300.7611512253803,54.500300478504165,163.35906311035157,503.9806640625003
BraTS2021_01579,4,left,0.0,140,160,137,3068800,307.46424912490454,80.65824172737102,64.00807830810547,463.6943505859377
BraTS2021_01580,1,left,0.0,141,186,144,3776544,3654.6215026350287,1095.4839026803359,1162.1460388183593,7876.199082031251
BraTS2021_01581,1,right,0.9770395594048024,141,184,138,3580272,1309.1307408981186,393.129652672188,356.4491162109375,2616.021835937503
BraTS2021_01582,1,left,0.0,133,176,137,3206896,428.2051345047053,113.55439235934084,172.442216796875,831.1251977539077
BraTS2021_01583,1,left,0.0,130,177,136,3129360,389.18300497239534,105.836457643124,115.41609390258789,752.8583874511717
BraTS2021_01584,3,right,0.9999450664147046,143,172,130,3197480,3961.8508154436645,909.17239422418,1633.0970458984375,6533.536621093751
BraTS2021_01585,1,left,0.0,137,161,140,3087980,976.4491938407009,209.5427220169871,485.90694793701175,1827.2850720214835
BraTS2021_01586,1,left,0.0,133,169,150,3371550,2473.3219803762518,947.1268661802599,646.1568829345703,6377.724614257825
BraTS2021_01587,2,bilateral/midline,0.8267570599424474,141,181,142,3623982,457.10691499371796,109.79309609275332,245.45472106933596,951.248991088865
BraTS2021_01588,4,left,0.0,128,169,139,3006848,178.02351299312122,42.70929187089434,60.93833114624023,290.38762268066426
BraTS2021_01589,1,right,1.0,135,169,139,3171285,2205.4727786567514,724.9932064108395,667.9136791992188,4818.680097656257
BraTS2021_01590,1,left,0.0,135,179,134,3238110,146.57978341963764,30.353575177774033,57.4718734741211,208.3105419921877
BraTS2021_01591,4,left,0.0007856654079124109,129,160,139,2868960,302.69957304954096,48.18305060501804,137.65197219848633,382.9048431396484
BraTS2021_01592,3,left,0.0,129,183,149,3517443,1236.750202612181,420.7905070644936,283.89606109619143,2363.1945092773553
BraTS2021_01593,1,right,1.0,124,171,138,2926152,1806.258430720924,619.710979390035,397.73172790527343,3723.678000488273
BraTS2021_01594,2,right,1.0,134,167,134,2998652,1284.4782281752352,434.8663998337639,233.65114074707031,2266.773581542969
BraTS2021_01595,1,right,0.9980147096641465,131,168,137,3015096,125.30633447115933,22.700310349187347,55.59293025970459,209.6590747070311
BraTS2021_01596,27,left,0.0003581751393134699,140,161,155,3493700,1442.56824110166,505.71713427875096,323.0524743652344,2625.0421484374997
BraTS2021_01597,15,right,0.9993156067019847,143,156,138,3078504,1366.6628263541747,459.8441482190692,392.9338702392578,2487.9389453124995
BraTS2021_01598,1,left,0.13723874952076015,142,173,144,3537504,1198.3703591974079,237.92855520267602,656.5093695068359,2093.6358471679673
BraTS2021_01599,11,left,0.00012654623683128224,135,152,138,2831760,1464.7791006657358,617.6641958539948,193.55373016357422,3152.0105346679675
BraTS2021_01600,1,left,0.0,139,165,131,3004485,1338.023063534926,515.8530833501769,203.50240463256836,3025.09207763672
BraTS2021_01601,7,left,0.018715432317175366,141,172,143,3468036,2564.4053146669344,1009.5606400489287,619.7584423828125,6627.299672851561
BraTS2021_01602,5,right,0.9995165679083965,144,175,149,3754800,149.7378719173202,33.654682898166534,69.87536437988281,267.15135559082
BraTS2021_01603,1,left,9.622184909527406e-06,147,169,140,3478020,379.103460032876,101.05924099208761,194.2507196044922,802.9953222656252
BraTS2021_01604,1,right,0.9753124160483191,128,178,138,3144192,515.2859949994371,100.2541707511251,233.7644564819336,791.7059350585934
BraTS2021_01605,10,bilateral/midline,0.22692036007317382,131,180,136,3206880,431.52799371588645,180.86315721323908,63.730408363342285,938.3684088134768
BraTS2021_01606,3,bilateral/midline,0.47209634072334355,133,164,140,3053680,1015.0999031453935,322.21133359747495,231.54610443115234,1753.9519824218764
BraTS2021_01607,2,right,0.9934422936187921,144,189,141,3837456,3414.6528903533567,960.5717882864476,1160.8648852539063,6376.183759765625
BraTS2021_01608,1,right,0.9549993690687019,138,179,147,3631194,498.876075341869,93.23659629529406,218.45289993286133,814.7522277832031
BraTS2021_01609,1,left,0.0,136,169,144,3309696,178.96316190733882,25.553212019810694,96.3687841796875,246.25608245849588
BraTS2021_01610,1,right,0.9156757879432993,125,159,137,2722875,569.9699299956092,109.74317588629494,160.7157470703125,727.4079162597657
BraTS2021_01611,1,left,0.0,134,172,139,3203672,713.454987989633,125.57028818869215,333.3355264282227,972.2697399902344
BraTS2021_01612,3,left,0.0,130,163,138,2924220,2848.140337619596,810.4150965102674,1084.0936669921875,5834.080507812494
BraTS2021_01613,1,left,0.0,144,179,147,3789072,269.08308784866335,78.23567877663002,56.45326461791992,438.78485107421864
BraTS2021_01614,1,left,0.0,139,169,150,3523650,392.00440604311126,65.22279631799815,189.64293060302734,563.67919921875
BraTS2021_01615,2,left,0.0,130,166,143,3085940,469.6600907440831,87.96889551062517,182.90793853759766,698.2750830078115
BraTS2021_01616,3,right,1.0,135,162,138,3018060,1449.8409560063865,444.71466994183197,356.89295074462893,3025.4230883789064
BraTS2021_01617,9,left,0.05012566322256353,132,167,143,3152292,513.2391303307277,91.58666385039402,275.4843667602539,882.4073205566366
BraTS2021_01618,1,right,0.9375474736426336,138,175,151,3646650,320.25464282046534,73.14575358958673,133.35343063354492,583.1051440429671
BraTS2021_01619,2,left,3.2430504132186733e-05,133,167,149,3309439,169.62479363626014,40.67290720726674,65.96304908752441,298.31075012207015
BraTS2021_01620,1,right,1.0,149,157,143,3345199,1115.239944939385,117.03629408435438,780.3799877929687,1420.3270263671893
BraTS2021_01621,1,right,1.0,137,161,149,3286493,1494.677651644443,445.25249676634627,397.0636114501953,2716.927990722658
BraTS2021_01622,3,left,0.0,125,164,134,2747000,294.4673605884791,93.2484514903959,39.437234497070314,501.76763458251963
BraTS2021_01623,3,right,0.9882062070977748,132,164,143,3095664,330.6772041440306,67.85744899212979,147.21424713134766,449.78110961914143
BraTS2021_01624,4,left,0.0,132,179,132,3118896,1287.610779523731,324.57006987651437,265.4549526977539,2376.7382714843725
BraTS2021_01625,1,right,0.9080831492852462,129,178,144,3306528,2106.1903959915367,442.59832251890987,966.2956103515626,3518.418540039054
BraTS2021_01626,5,right,0.9999338099020386,133,172,143,3271268,2532.320216225439,861.6609934258456,706.4376782226562,6058.977558593744
BraTS2021_01627,1,left,0.05756754117116321,128,166,149,3165952,280.1560470667657,95.64774623699506,72.76755142211914,704.5463256835938
BraTS2021_01628,1,right,1.0,129,169,131,2855931,2133.546022036466,566.6491481626883,700.0394885253907,3226.2781982421793
BraTS2021_01629,3,left,0.0665329383975104,139,178,136,3364912,679.1411563483678,124.419930457448,310.5335983276367,928.814599609375
BraTS2021_01630,1,right,1.0,138,170,141,3307860,765.2619510540766,139.15079379911796,373.6185772705078,1059.492138671876
BraTS2021_01631,1,right,0.9968094844517912,132,176,144,3345408,392.5902293373204,65.64299753389106,205.13217529296875,567.516749267578
BraTS2021_01632,1,right,1.0,135,161,147,3195045,549.6854299433181,101.37428790627504,261.85762786865234,837.6931640624978
BraTS2021_01633,3,right,1.0,137,176,132,3182784,455.0451978567011,133.8778319955451,147.68304626464842,886.2103533935539
BraTS2021_01634,2,left,0.00041851813578588405,145,172,146,3641240,418.64554947155733,129.98947634690322,119.91676406860351,875.2180114746095
BraTS2021_01635,1,left,0.0,131,151,142,2808902,162.49939859969172,51.075545739210035,31.001343841552735,292.90019653320365
BraTS2021_01636,90,right,0.9995080354214496,141,174,149,3655566,485.54502176555127,77.14953604004633,275.59364624023436,803.5714599609366
BraTS2021_01637,1,left,0.0,138,179,122,3013644,3461.934258580787,971.1350847622297,1169.5658447265625,5425.213964843755
BraTS2021_01638,2,left,0.10523579771593808,135,167,139,3133755,959.6382839112886,348.28399981643213,205.88283935546875,2229.8417431640605
BraTS2021_01639,1,right,1.0,137,166,140,3183880,1164.0526875206278,414.08695704944125,230.8396435546875,2500.014082031243
BraTS2021_01640,1,left,0.0,140,172,138,3323040,3454.4235738637312,820.3928057609485,1252.292647705078,6021.939794921875
BraTS2021_01641,2,bilateral/midline,0.5836876563493308,130,166,138,2978040,242.95103929961527,71.0585897037165,58.07359764099121,456.77688415527336
BraTS2021_01642,3,right,0.995058501930038,136,181,144,3544704,270.6002845604063,107.86383244292823,55.509712066650394,733.3001416015634
BraTS2021_01643,2,right,1.0,138,171,144,3398112,564.9508987993164,110.63817619888289,263.22790283203125,809.5567553710935
BraTS2021_01644,14,left,0.03046918811140881,128,160,132,2703360,2075.382673544925,436.7009956888087,1018.695590209961,3478.35799316406
BraTS2021_01645,6,left,0.14445524794022824,133,168,150,3351600,835.773095869079,318.4457018632817,155.80926528930664,2111.3059228515685
BraTS2021_01646,2,left,0.0027701755557038915,128,159,131,2666112,411.81854578121823,63.433153690060145,221.47829345703124,569.4813958740234
BraTS2021_01647,3,right,0.9987529098769538,133,169,143,3214211,449.9021606398979,117.84794640249908,235.72595092773437,974.2745092773407
BraTS2021_01648,4,right,0.9881884247781142,150,176,141,3722400,218.2278915300721,59.64623262433712,67.9357763671875,433.6564636230464
BraTS2021_01649,1,left,0.0,127,160,152,3088640,480.925883490298,165.691354816357,39.956282501220706,760.0003002929689
BraTS2021_01650,10,left,0.0048688387404646144,133,160,143,3043040,913.0985894632119,179.99989510508354,428.65817657470706,1715.8777636718753
BraTS2021_01651,3,left,0.0,139,170,144,3402720,829.95940520815,219.98491554186117,237.28713317871095,1427.4899658203124
BraTS2021_01652,1,left,0.0,132,172,141,3201264,3297.920602841882,931.5551890196825,1267.16625,6573.26080078127
BraTS2021_01653,2,right,0.9421331612095607,127,165,135,2828925,212.71211656575545,61.61781630947814,62.23225296020508,346.6620019531247
BraTS2021_01654,2,left,0.0,152,177,139,3739656,1997.8848918572303,680.8990986788242,509.75446350097656,4577.4913330078125
BraTS2021_01655,9,bilateral/midline,0.15454915583121823,143,161,144,3315312,778.4744187893923,228.8405073952566,193.7738067626953,1664.32990722656
BraTS2021_01656,2,right,0.9882277318640955,117,173,135,2732535,811.3893414884895,331.94405128212463,150.37170959472655,1908.7952734374985
BraTS2021_01657,1,left,0.0,136,162,129,2842128,567.8575316145879,166.84508626097528,124.0,865.0
BraTS2021_01658,2,left,0.06392850488914531,128,173,131,2900864,831.347246501467,188.56346811376926,290.0,1308.0
BraTS2021_01659,3,right,0.9991360809615556,120,156,132,2471040,863.5959464458182,239.64163879998958,330.0,1915.0
BraTS2021_01660,2,right,0.9255472538995937,124,171,135,2862540,812.3587080185752,218.80883873891997,301.0,1576.0
BraTS2021_01661,2,left,0.048682438407226525,128,144,125,2304000,863.1342492753623,233.72044189265628,278.0,1764.0
BraTS2021_01662,1,right,1.0,134,158,136,2879392,2190.978852790576,572.3054990820447,774.0,3534.0
BraTS2021_01663,1,left,0.0,145,185,140,3755500,2327.5935216167572,583.5115446297482,877.0,4151.0
BraTS2021_01664,3,left,0.002634005702595847,137,183,141,3535011,2231.901489331571,585.4900537044418,767.0,3815.0
BraTS2021_01665,2,right,1.0,134,178,140,3339280,2369.503138937465,599.5872326535612,703.0,4373.0
BraTS2021_01666,1,left,0.020420491211527413,134,160,143,3065920,1792.3854392814685,390.7585656481071,867.0,3053.0
